Frequency,Mori-Tanaka - K',Mori-Tanaka - K'',Mori-Tanaka - G',Mori-Tanaka - G'',Mori-Tanaka - E',Mori-Tanaka - E'',Mori-Tanaka - nu',Mori-Tanaka - nu'',Differential - K',Differential - K'',Differential - G',Differential - G'',Differential - E',Differential - E'',Differential - nu',Differential - nu''
0.12024705,416667029.1571895,0.0,53.172046249752924,0.7439877380941761,159.5161319651538,2.2319630243978232,0.4999999361936027,-8.927844330569791e-10,5317.753662344123,2.2222477614160963,52.84508820871752,0.801815263142882,158.01196445035805,2.389806527095272,0.4950476289560521,-7.283069449523407e-05
0.1589405175879397,416667029.1571895,0.0,53.210609695798205,0.75222626588351,159.63182229347328,2.256678605523902,0.4999999361473267,-9.026706569066207e-10,5317.869039511766,2.2457046613498566,52.88670979093296,0.8103023386463535,158.13601947634223,2.4150903308555356,0.49504384776499694,-7.359808939597669e-05
0.19763398517587938,416667029.1571895,0.0,53.24912203496244,0.7604410902409887,159.74735930115574,2.2813230763576096,0.4999999361011119,-9.125284366640594e-10,5317.984210703952,2.269070850968134,52.92825638525846,0.8187576975071801,158.25985040954532,2.4402793776293574,0.4950400735647726,-7.436253840539788e-05
0.23632745276381908,416667029.1571895,0.0,53.287583362705654,0.7686322849348867,159.8627432745814,2.30589665820377,0.49999993605495835,-9.223578608511483e-10,5318.09916707552,2.2923467959805945,52.96972825698814,0.8271815168745414,158.38345804282173,2.4653741973757803,0.49503630632144685,-7.512405837329816e-05
0.2750209203517588,416667029.1571895,0.0,53.32599377426893,0.7767999234678653,159.9779744994733,2.3303995715703674,0.49999993600886583,-9.321590176710037e-10,5318.21391420868,2.3155329604021673,53.01112566995725,0.8355739724643443,158.50684316607698,2.4903753158061352,0.4950325460146349,-7.58826658182683e-05
0.3137143879396985,416667029.1571895,0.0,53.364353364674955,0.7849440790780673,160.0930532608997,2.3548320361718296,0.4999999359628343,-9.419319950093208e-10,5318.328452729706,2.3386298044535287,53.05244888654176,0.8439352385757218,158.6300065643618,2.5152832543764734,0.4950287926194899,-7.66383771908694e-05
0.3524078555276382,416667029.1571895,0.0,53.40266222872854,0.7930648247402096,160.2079798432749,2.3791942709323077,0.49999993591686376,-9.516768804356832e-10,5318.442783302395,2.3616377851258,53.09369816767141,0.8522654881057847,158.7529490184018,2.540098530346362,0.49502504611134057,-7.739120880782214e-05
0.3911013231155779,416667029.1571895,0.0,53.44092046101722,0.8011622331666678,160.3227545303616,2.4034864939889284,0.499999935870954,-9.613937612048664e-10,5318.556906578744,2.3845573562066695,53.13487377284081,0.8605648925644845,158.87567130462602,2.564821656823237,0.4950213064656439,-7.814117685409884e-05
0.42979479070351756,416667029.1571895,0.0,53.47945848905559,0.8103399860814601,160.43836860462298,2.4310197502291646,0.4999999358247084,-9.724070541196463e-10,5318.671840191077,2.4106609885642407,53.17634207477744,0.8700146555279057,158.99926571706254,2.5929729572804647,0.49501754030947553,-7.899549943442432e-05
0.46848825829145724,416667029.1571895,0.0,53.519116241417706,0.8233949310154077,160.5573418515766,2.4701845815230494,0.49999993577711915,-9.880729730082072e-10,5318.790168981979,2.4482311653686986,53.21903361834146,0.8836046020346893,159.12650654504475,2.633462854708936,0.49501366288343396,-8.02255318029743e-05
0.507181725879397,416667029.1571895,0.0,53.55872346054529,0.8364114158918377,160.67616349883266,2.5092340326495006,0.4999999357295905,-1.0036927398699458e-09,5318.908289865199,2.4856526341236074,53.26165119745768,0.8971423952669476,159.2535263394356,2.673796932643013,0.4950097923480515,-8.145071802380314e-05
0.5458751934673367,416667029.1571895,0.0,53.59828022674213,0.8493895611810971,160.79483378730265,2.5481684650195606,0.4999999356821225,-1.0192664992691533e-09,5319.026203427704,2.522926165154538,53.30419504093579,0.9106283287372515,159.3803257848741,2.7139760692112693,0.49500592868169374,-8.267108580618945e-05
0.5845686610552764,416667029.1571895,0.0,53.63778662020077,0.8623294869280583,160.9133529575641,2.586988238767846,0.4999999356347148,-1.0347943952595512e-09,5319.143910201262,2.560052523438244,53.34666537667385,0.9240626936230032,159.50690556326472,2.7540011355523006,0.49500207186276324,-8.388666263818714e-05
0.6232621286432161,416667029.1571895,0.0,53.6795063824506,0.8777720718879183,161.0385122336327,2.6333159894957827,0.49999993558465117,-1.0533254794291042e-09,5319.267959958688,2.6044939738661554,53.39151418090131,0.9401410307562718,159.64057417523398,2.8019048521249994,0.4949979988157576,-8.534190484412601e-05
0.6619555962311559,416667029.1571895,0.0,53.72229002724725,0.8944199589495514,161.16686315706534,2.683259646207485,0.49999993553331085,-1.073302924733862e-09,5319.395644337956,2.652428524135275,53.437494305969466,0.9574830695047251,159.77761430543754,2.8535738752907296,0.4949938236048753,-8.691158765500058e-05
0.7006490638190955,416667029.1571895,0.0,53.765017709465916,0.9110148771022133,161.2950461927708,2.73304439619935,0.4999999354820376,-1.093216807405983e-09,5319.522848430535,2.700158499150772,53.48339255113893,0.974753433482285,159.91440972263874,2.9050287548766347,0.49498965578768267,-8.84746149321276e-05
0.7393425314070352,416667029.1571895,0.0,53.80811377618299,0.9301880734267493,161.42433438188044,2.7905639800324766,0.49999993543032234,-1.1162246209229592e-09,5319.651170996644,2.7554619918851753,53.52969304898061,0.9947602084987723,160.05240427449857,2.9646381363698326,0.4949854513700177,-9.028579928771537e-05
0.7780359989949749,416667029.1571895,0.0,53.85169762820596,0.9526391421649096,161.55508592678945,2.857917180249031,0.4999999353780218,-1.1431658775713003e-09,5319.780993275219,2.8203920390505703,53.57653240803197,1.0182450440238255,160.1920053906,3.0346121200277283,0.49498119786547023,-9.24123939889525e-05
0.8167294665829146,416667029.1571895,0.0,53.89523154069532,0.9750176539140042,161.68568765310354,2.9250527095079977,0.4999999353257813,-1.1700200659123542e-09,5319.910607505288,2.885040374985339,53.623297534706296,1.0416309606517824,160.3313846623852,3.1042905571417196,0.4949769512802888,-9.452979537894141e-05
0.8554229341708544,416667029.1571895,0.0,53.93871553990952,0.9973238444039363,161.81613963959805,2.9919712749990883,0.4999999352736005,-1.1967874688217584e-09,5320.040013887922,2.9494085189182897,53.66998854363749,1.064918538682616,160.4705424329432,3.1736751838641273,0.49497271160352474,-9.663805824986834e-05
0.894116401758794,416667029.1571895,0.0,53.98214965242309,1.0195579485745498,161.94644196599648,3.0586735815418336,0.4999999352214796,-1.2234683682270811e-09,5320.169212677157,3.013497979890996,53.716605550593464,1.0881083539315723,160.609479048762,3.24276772292332,0.4949684788241686,-9.873723696664246e-05
0.9328098693467337,416667029.1571895,0.0,54.245946700305026,1.0764103999838066,162.73783304140773,3.2292309196753557,0.49999993490492345,-1.2916912441281398e-09,5320.949518199332,3.171084410073356,53.998284674887834,1.1453571985126363,161.4489443414251,3.4132665260145014,0.49494291634027165,-0.00010389899646502123
0.9715033369346734,416667029.1571895,0.0,54.247731190898556,1.1012017429094199,162.7431865128532,3.3036049419875857,0.499999934902782,-1.3214408271715712e-09,5320.955501312494,3.2440184890738366,54.000499659258644,1.1716987878296348,161.45555590139364,3.491765890011685,0.49494271205400836,-0.00010628824953107467
1.010196804522613,416667029.1571895,0.0,54.249538344617264,1.125990254830401,162.74860797367128,3.377970471286109,0.49999993490061345,-1.3511870130124755e-09,5320.9620691819055,3.316938498929071,54.00274571027855,1.19803504164068,161.4622603335065,3.570249301382363,0.494942505350111,-0.00010867699186717889
1.0488902721105526,416667029.1571895,0.0,54.251368155913774,1.1507759047602708,162.75409740721977,3.4523274146114895,0.4999999348984177,-1.3809297644671104e-09,5320.968476975575,3.3898436759641832,54.005022805367844,1.2243658871895946,161.46905749405926,3.648716539196494,0.4949422955252287,-0.00011106523149459158
1.0875837396984924,416667029.1571895,0.0,54.253220619184425,1.1755586617257625,162.7596547966877,3.5266756790439255,0.4999999348961947,-1.4106690443675874e-09,5320.974973179194,3.462734017153172,54.00733092460013,1.2506912512980604,161.47594734882273,3.7271673856157705,0.49494208281667557,-0.00011345295654002396
1.126277207286432,416667029.1571895,0.0,54.27893992907636,1.2031831217443312,162.8368127198219,3.609549051757265,0.49999993486533156,-1.443818364613769e-09,5321.051870180055,3.5429482236796064,54.03505714173674,1.2796992196233903,161.5585866264915,3.813601134407987,0.4949395640130552,-0.00011608068131012353
1.1649706748743718,416667029.1571895,0.0,54.4333604251336,1.2459208711118142,163.3000741679551,3.737762287801379,0.4999999346800272,-1.4951036144144138e-09,5321.507800405555,3.6618356992826664,54.19965130913391,1.3228941527182905,162.0491047423333,3.9422487252666905,0.4949246295465037,-0.00011997657533241999
1.2036641424623116,416667029.1571895,0.0,54.58697932964871,1.2881544858521046,163.76093084156312,3.86446312003761,0.4999999344956846,-1.5457839032182074e-09,5321.960528666245,3.7788931307813693,54.36311448130533,1.3654558626722044,162.53624335278226,4.0690048943550465,0.4949098003216416,-0.0001238138009938964
1.2423576100502511,416667029.1571895,0.0,54.63778424843363,1.328197258916263,163.91334558485136,3.9845914284142885,0.4999999344347188,-1.5938351847653569e-09,5322.111277477958,3.8939269779483694,54.417499322605885,1.4071120602717215,162.69832781396775,4.193111808916987,0.4949048632479122,-0.00012758317936172696
1.281051077638191,416667029.1571895,0.0,54.60317810162803,1.3667898286777882,163.80952715375716,4.100369127804571,0.49999993447624613,-1.6401462242319188e-09,5322.011685772014,4.008660669503084,54.38144283031542,1.4484937497815547,162.59090212926304,4.316445178393316,0.4949081265153267,-0.00013134054903126866
1.3197445452261305,416667029.1571895,0.0,54.568580433131025,1.4054821561727084,163.70573415758858,4.216446100381672,0.49999993451776337,-1.6865769728690643e-09,5321.912144956843,4.123778655859322,54.345405314821754,1.4900101378945387,162.48353321241285,4.440180984240164,0.49491138799427226,-0.00013511043303190203
1.3584380128140703,416667029.1571895,0.0,54.728460550395354,1.4449072925457405,164.18537446771268,4.334721498065328,0.49999993432590734,-1.7338870907838e-09,5322.382448144277,4.231297976931778,54.515229611911025,1.5291913733046885,162.98961967170092,4.556848451364533,0.49489598436597115,-0.00013863681125073337
1.39713148040201,416667029.1571895,0.0,54.91358465220741,1.483882191785374,164.7407467247091,4.451646184227093,0.49999993410375854,-1.7806569245598144e-09,5322.925568364573,4.335881878936428,54.71140134896952,1.5674033427523868,163.57420721054677,4.670608480860979,0.49487819554935736,-0.00014206984448544732
1.4358249479899496,416667029.1571895,0.0,54.91102011037211,1.5429465834624325,164.73305310030827,4.628839343708778,0.4999999341068361,-1.8515341266909344e-09,5322.921140435279,4.508473962559856,54.70965892471465,1.6297716974547358,163.56905010927747,4.856457064487126,0.4948783433685675,-0.00014772314570032653
1.4745184155778894,416667029.1571895,0.0,54.90743323321271,1.6021563407810313,164.72229247022236,4.806468600086085,0.4999999341111403,-1.922585767428546e-09,5322.913853738239,4.681541811086731,54.706878159535464,1.6923069548782061,163.5608003842709,5.042803682361927,0.4948785848773029,-0.00015339176695324523
1.513211883165829,416667029.1571895,0.0,54.90397658933969,1.6613856183028697,164.7119225399782,4.984156417068967,0.4999999341152883,-1.9936608323880093e-09,5322.906810664262,4.854657784561306,54.70427332113404,1.7548573358204829,163.55307624717418,5.229195374842624,0.49487880979298693,-0.00015906176205692714
1.5519053507537688,416667029.1571895,0.0,55.19326856253818,1.69913080997875,165.57979838343755,5.097391979789872,0.4999999337681383,-2.0389550180714597e-09,5323.752358683999,4.948229361397191,55.009693969090755,1.7894746597406892,164.46318617952718,5.332157422132023,0.4948511253887576,-0.00016214411058228668
1.5905988183417086,416667029.1571895,0.0,55.26959376033211,1.7605378970316243,165.80877395709462,5.281613224035081,0.49999993367654816,-2.1126434516622824e-09,5323.977864405809,5.122414324754248,55.09104212350292,1.8526750329288781,164.7056212199878,5.52042470749554,0.49484374326980046,-0.00016785537506088855
1.6292922859296481,416667029.1571895,0.0,55.34585264183021,1.8215906526566708,166.03755058186883,5.464771474046524,0.4999999335850376,-2.1859066879295097e-09,5324.2027861482675,5.29527478151934,55.172271431622455,1.9154142027186196,164.94770086898814,5.707314224723864,0.49483637204687253,-0.00017352385806495565
1.667985753517588,416667029.1571895,0.0,55.422044216174314,1.8822907991945752,166.26612528518575,5.646871896846255,0.4999999334936078,-2.2587467936801673e-09,5324.427893889277,5.466822420009138,55.25338026805384,1.9776962275150445,165.18942034838412,5.892838121065531,0.4948290126211594,-0.00017914991734656799
1.7066792211055275,416667029.1571895,0.0,55.432384526137355,1.9598742253778267,166.2971462130392,5.87962215465956,0.4999999334811994,-2.3518468158105877e-09,5324.462772675655,5.6912275784669575,55.265727234372896,2.058881171927542,165.22626747037933,6.134731678606907,0.4948278776953652,-0.0001865013611822968
1.7453726886934673,416667029.1571895,0.0,55.39366468340299,2.055934233059822,166.18098669606076,6.167802152528465,0.49999993352766314,-2.46711871467422e-09,5324.356516418292,5.97242973113022,55.22705671725742,2.1604234883959554,165.11111809168213,6.437320839160668,0.4948313587853383,-0.0001957076797644188
1.784066156281407,416667029.1571895,0.0,55.48558547229614,2.1208496587304717,166.4567490389299,6.362548411344336,0.4999999334173584,-2.5450171504307004e-09,5324.627476490277,6.154376950578338,55.324790549183184,2.2265573391366513,165.40238057707631,6.634300553698607,0.494822491386552,-0.00020167653493490412
1.8227596238693466,416667029.1571895,0.0,55.57736362802176,2.185309652207375,166.73208348230935,6.555928373644673,0.49999993330722464,-2.6223690680564268e-09,5324.897787858871,6.334655040272892,55.422291214958776,2.292112279483229,165.6929460259346,6.8295510076633645,0.4948136457963042,-0.00020759172861506243
1.8614530914572864,416667029.1571895,0.0,55.668998118090734,2.249317063069782,167.00698692873198,6.747950588167217,0.4999999331972634,-2.6991778870435184e-09,5325.167446835735,6.513281198745965,55.51955753753479,2.357094732877878,165.98281092057854,7.023091417361315,0.4948048221241209,-0.0002134538666045528
1.900146559045226,416667029.1571895,0.0,55.79210830798772,2.3815579666899738,167.37631746695988,7.144673262284248,0.49999993304953133,-2.8578668186345693e-09,5325.53287025869,6.886222982486128,55.651159992963315,2.4925378202651784,166.3750396960094,7.426536154287634,0.4947928727353952,-0.00022568607039955628
1.9388400266331658,416667029.1571895,0.0,56.05123923609796,2.432049055262899,168.153710182317,7.296146511456364,0.49999993273857446,-2.9184560655921497e-09,5326.283606666735,7.012179731934435,55.92256408704347,2.5393374001587334,167.1837184749012,7.565733952633517,0.4947682911918227,-0.0002298544476249424
1.9775334942211054,416667029.1571895,0.0,56.14569505491379,2.5501809074705415,168.4370776147427,7.650542035140206,0.49999993262522757,-3.0602141517393757e-09,5326.5646675850585,7.3447016171870585,56.02360122903988,2.660166046294268,167.48485816232278,7.925637919035553,0.49475911528131794,-0.0002407643572804363
2.0162269618090454,416667029.1571895,0.0,56.24038026708485,2.667470738492172,168.7211332271855,8.002411495383262,0.4999999325116054,-3.200961813389333e-09,5326.8458076044335,7.6740769004208955,56.124832649156524,2.779900641499473,167.78657705715383,8.282273569207849,0.49474992122759054,-0.0002515727821622887
2.054920429396985,416667029.1571895,0.0,56.3352878335387,2.783921251708773,169.00585590242838,8.3517630023286,0.49999993239771645,-3.3407022945964283e-09,5327.128034079758,8.000328167872594,56.22624531241584,2.898549336644369,168.08883628743638,8.635665304911956,0.49474071128039193,-0.00026228044570991146
2.0936138969849245,416667029.1571895,0.0,56.430410788251834,2.8995351972340075,169.29122474240094,8.69860480631734,0.49999993228356904,-3.4794388954942374e-09,5327.410526839484,8.32347513618278,56.327826511977825,3.016120371926382,168.3915977625272,8.985837775714888,0.4947314858634967,-0.00027288816499907863
2.1323073645728643,416667029.1571895,0.0,56.63131488795072,2.9425002865196155,169.8939369875851,8.827500059698826,0.4999999320424843,-3.5309969519924955e-09,5327.988726314242,8.428900160159145,56.53704293280688,3.0555737952229225,169.0149440320488,9.103155960395128,0.4947125475512428,-0.00027639421307342225
2.171000832160804,416667029.1571895,0.0,56.62273715081929,3.0638946067471298,169.86820378027227,9.191682987508894,0.4999999320527776,-3.676669996384287e-09,5327.974988971511,8.776519505639437,56.53126451850663,3.1814252673536885,168.99786660541622,9.478098534149787,0.49471303133714306,-0.0002877794863158085
2.209694299748744,416667029.1571895,0.0,56.81195789333405,3.1847142234527985,170.43586595811442,9.554141801895927,0.499999931825713,-3.821653396006841e-09,5328.526310207671,9.10398964621027,56.730037388465924,3.3013670954809426,169.59017959305115,9.83519885242743,0.49469501576885666,-0.0002985634666336599
2.2483877673366837,416667029.1571895,0.0,57.00186665627832,3.303719009179312,171.00559219692627,9.911156123611661,0.49999993159782263,-3.964459000455507e-09,5329.077951641508,9.425089698063987,56.929138785679626,3.419132873279505,170.1834597396445,10.18579951579891,0.49467697340083827,-0.0003091460219611549
2.2870812349246235,416667029.1571895,0.0,57.19103452960958,3.4209316994804753,171.5730957669679,10.262794159338515,0.4999999313708214,-4.105114092379518e-09,5329.626619850103,9.740079356482449,57.127095836334675,3.5348064524945233,170.77331922723437,10.530152573415528,0.49465903820265283,-0.0003195353368308535
2.325774702512563,416667029.1571895,0.0,57.32283520814619,3.6475472005941785,171.9684977701989,10.94264059816229,0.49999993121266073,-4.377052431328858e-09,5330.023012231529,10.369627887359458,57.268798638744066,3.7641795629642796,171.1957399089099,11.213265427739467,0.49464614858735834,-0.0003402161904770841
2.3644681701005026,416667029.1571895,0.0,57.41848078080629,3.6927134853500214,172.25543446263612,11.078139438307025,0.49999993109788615,-4.4312519202344294e-09,5330.2981506037,10.487788894769428,57.36826162669758,3.8078831440539602,171.49209017335107,11.343323023399737,0.49463714348205795,-0.00034412884202217163
2.4031616376884424,416667029.1571895,0.0,57.60463042206963,3.8450213998084797,172.8138833377939,11.535063136269459,0.4999999308745067,-4.6140212404142515e-09,5330.840058243656,10.89913786778535,57.56340171251715,3.9588267164592787,172.07359215935378,11.792698748762627,0.4946194539203558,-0.0003576934323860872
2.441855105276382,416667029.1571895,0.0,57.79048694054495,3.9950897099645197,173.37145284457102,11.985268021679335,0.4999999306514792,-4.794103037911134e-09,5331.380379714736,11.30281289520424,57.75787119152776,4.107142318491578,172.65308735770057,12.234226735960775,0.49460182803974617,-0.0003710152194748756
2.480548572864322,416667029.1571895,0.0,57.997740017273024,4.16082700032102,173.9932120204055,12.482479842635044,0.49999993040277574,-4.992987593268378e-09,5331.981246960766,11.74686474547113,57.97431771000741,4.270510879465515,173.29806218823265,12.72053992309536,0.4945822125813417,-0.00038568177116677635
2.5192420404522613,416667029.1571895,0.0,58.2797417283774,4.355535560948041,174.83921707900134,13.066605464415725,0.499999930064374,-5.2266376387104245e-09,5332.794126648306,12.262195908552037,58.267316920326756,4.460845305227102,174.17109172049047,13.287029839649257,0.49455567698451114,-0.00040274302117478995
2.557935508040201,416667029.1571895,0.0,58.49694272864333,4.496012937496801,175.49082002190983,13.488037550077134,0.49999992980373303,-5.395210326320586e-09,5333.418024936334,12.630992516687783,58.492221762815745,4.5974639139288875,174.84119801269318,13.69359860075196,0.49453531654653654,-0.00041497629612078187
2.596628975628141,416667029.1571895,0.0,58.72393426999358,4.7293025708234815,176.1717945872663,14.187906379400085,0.49999992953134353,-5.675157614501991e-09,5334.078183655359,13.256237584304877,58.7292949339803,4.827660004289516,175.54769186312296,14.378839306089711,0.49451381801941097,-0.000435641737130252
2.6353224432160807,416667029.1571895,0.0,58.883785996056204,4.853919943632615,176.65134972320087,14.561758458976657,0.49999992933952164,-5.824698316235611e-09,5334.538013986922,13.584641317060813,58.894819762474164,4.949253556134547,176.04089814207353,14.74071016947948,0.4944988271486493,-0.000446534181965184
2.6740159108040205,416667029.1571895,0.0,59.1046939502259,4.993858513905515,177.31407352646235,14.981574124947576,0.49999992907443225,-5.992624436532074e-09,5335.168621944067,13.947511082146587,59.12225229666197,5.084401415520133,176.71850357360924,15.142825903187964,0.4944782475386358,-0.0004586152354184949
2.71270937839196,416667029.1571895,0.0,59.35638209448856,5.140574235922442,178.06913789126233,15.42172124316444,0.49999992877240684,-6.1686831306517595e-09,5335.884033091205,14.324351639601593,59.380484364244296,5.225324481654597,177.48783495078678,15.56206377014548,0.4944548915945642,-0.00047119599990416374
2.7514028459798996,416667029.1571895,0.0,59.632427061541954,5.354047948244062,178.89727271896837,16.062142312214235,0.4999999284411532,-6.424851335411166e-09,5336.673137515641,14.88140355639493,59.66454311416982,5.432575343832245,178.33418936660635,16.17875853184637,0.4944291786138128,-0.0004897354675418553
2.7900963135678394,416667029.1571895,0.0,59.913392560710484,5.57754226037486,179.74016914172574,16.73262517711259,0.4999999281039949,-6.693044248048774e-09,5337.475185716924,15.463210281929843,59.95312162196271,5.6493443465435105,179.1940089180589,16.823748354058065,0.4944030576758518,-0.0005091192499006515
2.828789781155779,416667029.1571895,0.0,60.19371841858653,5.7958416205779875,180.58114664050677,17.387523187143895,0.49999992776760416,-6.955003224162947e-09,5338.27294050213,16.028510907947055,60.2401895330864,5.860518586726966,180.04930566424343,17.45203707434624,0.49437708022576493,-0.0005279883299716437
2.867483248743719,416667029.1571895,0.0,60.473335836085724,6.009036768125985,181.41999881806714,18.027108560124404,0.4999999274320636,-7.210837150785453e-09,5339.066212153818,16.57777033970261,60.52569032782064,6.066261369236196,180.8999108736656,18.0641131397334,0.4943512514462871,-0.00054635806171843
2.9061767163316583,416667029.1571895,0.0,60.84185131423737,6.2432959308891665,182.52554515211503,18.72988596937154,0.49999992698984547,-7.491947869924376e-09,5340.10282939431,17.171195371603385,60.899661674090645,6.290408347328891,182.01397938005013,18.730756343524124,0.49431745256194914,-0.0005663217897241368
2.944870183919598,416667029.1571895,0.0,61.03084669316077,6.417846145621546,183.09253123890923,19.253536556770808,0.49999992676305133,-7.701407922658601e-09,5340.640098257025,17.62272498124688,61.092385926366795,6.459447336856512,182.58821665083113,19.233663578449246,0.4943000061590035,-0.0005814211621500064
2.983563651507538,416667029.1571895,0.0,61.39827180237214,6.698599353006974,184.19480646742093,20.09579608486715,0.4999999263221416,-8.03831144079874e-09,5341.674664207649,18.338323572948383,61.464616052529415,6.729383365078041,183.69716388172057,20.036550978264636,0.4942663491503796,-0.0006054804573144499
3.0222571190954777,416667029.1571895,0.0,61.76447454282003,6.970539351553954,185.2934145894398,20.91161598811165,0.49999992588269865,-8.364639118198882e-09,5342.701500004705,19.02720174697939,61.83419959677733,6.990297741286615,184.7981859414904,20.812514514623068,0.49423294371016896,-0.0006287121740917178
3.0609505866834175,416667029.1571895,0.0,62.12930342182914,7.233871334602545,186.3879011269643,21.70161184651981,0.4999999254449044,-8.680637186651014e-09,5343.720518193241,19.69033452668902,62.20103406678777,7.242524925187138,185.89097715930458,21.562554463692546,0.49419979942129094,-0.0006511476743064923
3.099644054271357,416667029.1571895,0.0,62.56067152988617,7.425849303747111,187.6820053288005,22.277545681326067,0.4999999249272632,-8.911010520153957e-09,5344.905221629172,20.150834213211027,62.63085076984976,7.422934460243268,187.17105912269204,22.09856063080607,0.49416105295174134,-0.0006670714702461512
3.1383375218592966,416667029.1571895,0.0,62.71255918539498,7.421978656117781,188.13766824952313,22.26593373418933,0.4999999247449982,-8.90636574534011e-09,5345.312348598011,20.12107087932239,62.78052444845859,7.4161259701402305,187.6166248854617,22.077905130363828,0.49414761134837826,-0.0006663585392015943
3.1770309894472364,416667029.1571895,0.0,63.08621640641863,7.502762740984599,189.2586398026743,22.508285951015555,0.49999992429660994,-9.003306547734308e-09,5346.323826314374,20.290725936156647,63.150147740602826,7.488846065424864,188.71716042024357,22.293430421153452,0.4941143654156418,-0.0006726393790153991
3.215724457035176,416667029.1571895,0.0,63.454638612584944,7.580086113787745,190.3639063120833,22.740256032605615,0.49999992385450376,-9.096094499646924e-09,5347.317735712995,20.452348803445176,63.5140268828338,7.558838389798607,189.80054400968885,22.500832595679277,0.4940816487671385,-0.0006786756952842397
3.254417924623116,416667029.1571895,0.0,64.14093400054662,8.354515035783598,192.4227922954212,25.063542535194518,0.4999999230309501,-1.0025408292200623e-08,5349.238384153627,22.428723329522807,64.19855258037855,8.308879089702131,191.8401920221549,24.73153948890548,0.49401969338772905,-0.0007454879217071074
3.2931113922110553,416667029.1571895,0.0,64.5345643250104,8.639561699719636,193.6036831588771,25.918682422919762,0.4999999225585941,-1.0367463949710077e-08,5350.315785826879,23.134768838754365,64.58686245521727,8.582905039538831,192.99677793522253,25.54602310535086,0.49398466569606214,-0.0007697689844511741
3.331804859798995,416667029.1571895,0.0,64.83283218077459,8.724349985852742,194.49848663709645,26.173047242564067,0.49999992220067296,-1.0469209789051236e-08,5351.113713671872,23.32240372154475,64.87900878246263,8.662680449026306,193.86653890802896,25.78258607031951,0.4939584157641831,-0.0007766968960316137
3.370498327386935,416667029.1571895,0.0,65.30710882658178,8.990301804706291,195.9213164376915,26.970902595894575,0.49999992163154156,-1.0788351652737275e-08,5352.394362707019,23.966384802592042,65.34379622089945,8.918279069495606,195.25061534851685,26.541878955093903,0.49391656856428123,-0.0007992401799861904
3.4091917949748747,416667029.1571895,0.0,65.87846559305804,9.331321386128621,197.63538657222668,27.993961207669614,0.49999992094591406,-1.1197574741432511e-08,5353.933543213349,24.794791311716743,65.90189911539447,9.247374712231325,196.91257406403108,27.5195141872095,0.49386632298283506,-0.0008282699851355733
3.4478852625628145,416667029.1571895,0.0,66.67401322742893,9.84003514774601,200.0220292456618,29.52010229408278,0.4999999199912579,-1.1808030644915026e-08,5356.069018527178,26.033799160503147,66.67536572505654,9.740641138354466,199.21586503435967,28.9848226839343,0.49379669310176527,-0.0008717789331288501
3.486578730150754,416667029.1571895,0.0,67.26143776395476,10.01015553005908,201.78430267451935,30.030463358352538,0.4999999192863492,-1.2012174893022078e-08,5357.615465671522,26.41292492022493,67.24465105098811,9.907420722031809,200.91036850810875,29.479146631853528,0.4937456375615579,-0.0008862142365798487
3.5252721977386936,416667029.1571895,0.0,67.55793829065223,9.752471961116271,202.67380414645223,29.2574127208387,0.4999999189305488,-1.1702954907030897e-08,5358.359603481172,25.71316828440059,67.53386682253927,9.658925749495609,201.7700596448104,28.738795252034667,0.4937199897558933,-0.0008637569313995064
3.5639656653266334,416667029.1571895,0.0,68.30237059656572,10.262615228415195,204.90710084596512,30.78784232063623,0.49999991803723104,-1.2315126214374796e-08,5360.338505280348,26.96298155112091,68.2519972639949,10.160474394996994,203.90837914916185,30.228553425936685,0.49365539855654506,-0.0009079693122351569
3.602659132914573,416667029.1571895,0.0,69.04107234696698,10.73489629275681,207.12320587747521,32.20468532075981,0.49999991715078973,-1.2881862921376182e-08,5362.288553789046,28.113351259829123,68.96127191746582,10.6281354834712,206.0201355884761,31.617285719122094,0.493591659324288,-0.0009491073888309361
3.641352600502513,416667029.1571895,0.0,69.77258150174359,11.171221278753725,209.3177331210406,33.513660094928994,0.4999999162729796,-1.340545237553294e-08,5364.206104152585,29.171115517910362,69.66087191059333,11.06411741494568,208.10289181220418,32.91159385726493,0.49352884331394054,-0.000987377196329907
3.6800460680904523,416667029.1571895,0.0,70.31069719504956,11.283538426410447,210.9320800260972,33.85061147113839,0.49999991562724144,-1.354023280876079e-08,5365.594472882328,29.41537954465302,70.17883687647112,11.185292014124588,209.6440550192315,33.270040862523544,0.493482544393636,-0.0009977074128783804
3.718739535678392,416667029.1571895,0.0,70.24682286139956,11.220499437757372,210.7404570432897,33.66149452989443,0.4999999157038906,-1.3464586098074122e-08,5365.425954540465,29.25893477348559,70.11857704635794,11.122699382785777,209.46457465479517,33.08409470920839,0.4934879741260651,-0.0009921823336457346
3.757433003266332,416667029.1571895,0.0,71.11785393104718,11.431015662684166,213.353549968158,34.29304308589957,0.49999991465865434,-1.371720530070322e-08,5367.66934748911,29.73309116152442,70.95637498663488,11.350426155527664,211.95732647189595,33.75817596055293,0.4934130998028189,-0.0010117079507883234
3.7961264708542717,416667029.1571895,0.0,71.98106008296458,11.609106045835734,215.9431681373009,34.827314126459385,0.499999913622808,-1.3930913531005844e-08,5369.883335739033,30.13176963134617,71.78760244192605,11.551785528022688,214.4302080385412,34.35374097660353,0.4933388925889755,-0.0010288701256005173
3.834819938442211,416667029.1571895,0.0,72.98899187339015,11.98588808325669,218.9669631792265,35.957660050552214,0.4999999124132909,-1.438305150729322e-08,5372.468907800107,31.035451338549283,72.75149204565021,11.95785772650246,217.29817983501437,35.55737865179751,0.4932527505238546,-0.0010640965895984161
3.873513406030151,416667029.1571895,0.0,74.19649167697519,12.65493781108658,222.58946220300473,37.9648089262945,0.49999991096429247,-1.5185910359121196e-08,5375.5585083253545,32.679524174871005,73.89265389201532,12.667067862359751,220.69425286634305,37.661269987606424,0.493150632893235,-0.0011260307675835055
3.9122068736180906,416667029.1571895,0.0,73.87284651063275,12.374380273822588,221.61852680213678,37.12313643364462,0.49999991135266636,-1.4849241654955357e-08,5374.728422427089,31.981632586543352,73.5925589462579,12.377258769774087,219.80076224303673,36.80090231935971,0.49317757927914535,-0.0011005749690282765
3.9509003412060304,416667029.1571895,0.0,74.63011634536375,12.415287710911295,223.89033603886745,37.24585868527718,0.4999999104439434,-1.4898330512902191e-08,5376.64777033314,32.05840710543299,74.32818601947096,12.457419261981403,221.98821614583449,37.03608784424195,0.4931121535612959,-0.001106984905167629
3.98959380879397,416667029.1571895,0.0,75.62655197387122,12.513699543271995,226.87964257094754,37.54109408725419,0.4999999092482219,-1.501642457095385e-08,5379.171672020234,32.28233542407971,75.29662493696769,12.612605161803403,224.86789125224402,37.49325750234394,0.49302603917730964,-0.0011198267828503535
4.028287276381909,416667029.1571895,0.0,76.81854144398079,12.863460739905129,230.45561056646778,38.590377476588934,0.49999990781783593,-1.5436137561546995e-08,5382.188142640394,33.15129331967711,76.44309820374963,13.036291675703264,228.27761251691877,38.747603959464875,0.49292395580538434,-0.0011562869620444724
4.066980743969849,416667029.1571895,0.0,78.029623185217,13.21889190133338,234.088855362345,39.656670752972154,0.49999990636453934,-1.5862654501040248e-08,5385.243019152667,34.05019826078632,77.6092679923126,13.480311433637437,231.74557061167405,40.06195846316794,0.49282020632590856,-0.0011944715691089495
4.105674211557789,416667029.1571895,0.0,78.7960899983346,13.304539780431393,236.38825551866597,39.9136143092396,0.49999990544478007,-1.596543183413328e-08,5387.1743358442955,34.276717786702264,78.36058117118132,13.63059832998266,233.97897702832893,40.50508158815662,0.49275355378410335,-0.0012070265660785494
4.144367679145728,416667029.1571895,0.0,79.44398855588645,13.325486586909575,238.33195094660402,39.97645467931056,0.49999990466730254,-1.5990567960293807e-08,5388.807766404853,34.344026611383725,79.00251012089068,13.710244871033348,235.88684326506828,40.738745445638436,0.4926966873168651,-0.0012134345899720302
4.183061146733668,416667029.1571895,0.0,80.06927377584877,13.334683507407043,240.2078063677006,40.00404539727363,0.499999903916961,-1.6001604237877725e-08,5390.385371425502,34.385997777255525,79.62546925890406,13.779113394086892,237.73815690539334,40.940441951669136,0.4926415391935002,-0.0012189070951843612
4.221754614321608,416667029.1571895,0.0,80.71011457623514,13.333515647380306,242.1303285215037,40.00054177662794,0.4999999031479529,-1.6000202790838676e-08,5392.003087117396,34.407137340132785,80.26762997273725,13.842084712782768,239.64635830236674,41.1244991478736,0.4925847281843891,-0.0012238392317141583
4.260448081909548,416667029.1571895,0.0,82.18946799858854,13.30066657620155,246.5683882080981,39.90199448137112,0.4999999013727305,-1.596078390702948e-08,5395.745208946113,34.398343144762244,81.76458328456457,13.968417573800963,244.09396317577736,41.492679126046724,0.49245243111656256,-0.0012335316807790073
4.299141549497487,416667029.1571895,0.0,83.12833088946462,13.227282364952602,249.3849765035487,39.68184181696577,0.49999990024609614,-1.5872722917878396e-08,5398.129089476293,34.272860656254444,82.72985769622832,14.0030670344863,246.9612666977091,41.59098591046003,0.4923672517039996,-0.0012356567906660983
4.3378350170854265,416667029.1571895,0.0,83.91201637832815,13.14058772893406,251.7360326504763,39.42175789407188,0.4999998993056745,-1.5768689439227605e-08,5400.125541859631,34.11094957626771,83.54499150877416,14.010132257182146,249.38223084131454,41.608071578035506,0.49229539221417734,-0.0012355022224825093
4.376528484673367,416667029.1571895,0.0,84.58608941148046,12.959484709411708,253.75825146599715,38.87844886651799,0.4999998984967877,-1.555136601727248e-08,5401.855920074853,33.7054884140221,84.2648654247502,13.90863936928824,251.51956962077986,41.30323741910629,0.4922320683994782,-0.0012258844131722631
4.415221952261306,416667029.1571895,0.0,85.20441269031775,12.753667982101629,255.61322103784295,38.260998730299754,0.49999989775480047,-1.5304386177652028e-08,5403.451649456792,33.23526468312303,84.93542993475316,13.775139347158731,253.51016798095168,40.90364592061739,0.49217314621121394,-0.0012135107683355836
4.453915419849246,416667029.1571895,0.0,85.97879726762675,12.601197055772007,257.93637444234423,37.80358596682939,0.4999998968255399,-1.5121421231439225e-08,5405.4471011430305,32.91938186703056,85.76816942583716,13.71941311627696,255.98249803352869,40.734279663236485,0.49209991132696657,-0.0012078520893022554
4.492608887437186,416667029.1571895,0.0,86.76206400699378,12.45672549240608,260.28617432703214,37.37017128952146,0.4999998958856209,-1.4948055511340284e-08,5407.471486668829,32.63006320282077,86.61667532386898,13.67586216108011,258.50145732212394,40.60101964809291,0.4920253229356854,-0.001203265224315237
4.531302355025125,416667029.1571895,0.0,87.49776232698561,12.305613185368694,262.49326897034086,36.91683438788574,0.49999989500278363,-1.4766720908442977e-08,5409.381408736165,32.32330259566249,87.42305189611871,13.6208461258924,260.89505784682774,40.433948124518366,0.4919544915256875,-0.0011977217836168339
4.569995822613065,416667029.1571895,0.0,88.18969419150821,12.149699325577112,264.5690642630051,36.44909283364066,0.49999989417246643,-1.4579624449514613e-08,5411.185826736984,32.002968058713165,88.19022022203565,13.55606801434872,263.1720134629765,40.23811327531052,0.49188715172951675,-0.0011913686195422612
4.608689290201005,416667029.1571895,0.0,88.84131029917617,11.990493452843456,266.52391229993043,35.97147524532984,0.4999998933905279,-1.4388577580396713e-08,5412.893081454023,31.67228792018905,88.92084230783254,13.482994342045131,265.3402632830946,40.01786027436386,0.49182306263146774,-0.0011843317368273407
4.647382757788945,416667029.1571895,0.0,89.07795774416121,11.925270726564305,267.2338545300921,35.77580708075983,0.4999998931065513,-1.4310310382659394e-08,5413.51553312984,31.533640155398576,89.18889852436607,13.448651211925405,266.13568791165665,39.91470338280103,0.49179956317667467,-0.0011810921942990574
4.686076225376884,416667029.1571895,0.0,89.40590523139815,11.844978252299258,268.21769684674246,35.53492967364992,0.4999998927130146,-1.4213959503638499e-08,5414.377983482147,31.36824398727646,89.56021565961719,13.41228040178474,267.2375383267729,39.805064209524986,0.4917670083582143,-0.0011775910173136594
4.7247696929648235,416667029.1571895,0.0,90.00425477762828,11.700093340759178,270.0127452196059,35.100274967603205,0.4999998919949959,-1.4040097772475564e-08,5415.956089313459,31.07234168300203,90.24171593922523,13.34839575694126,269.2597221540237,39.6123753278681,0.49170727780154044,-0.0011714253499082855
4.763463160552764,416667029.1571895,0.0,90.56961606580096,11.552711350099548,271.70882883088456,34.65812902794533,0.4999998913165631,-1.3863239550475044e-08,5417.454187655878,30.767249424742218,90.89256941594734,13.277195357582379,271.1907775479746,39.398147215297804,0.4916502669783427,-0.001164653974386271
4.802156628140703,416667029.1571895,0.0,91.10440312288021,11.403798159892741,273.3131897607415,34.21138949278923,0.49999989067481926,-1.3684543891873764e-08,5418.877102938256,30.455211707550838,91.51466443871277,13.199751099769191,273.0363329927247,39.165554231351514,0.491595804342105,-0.001157369081225038
4.840850095728643,416667029.1571895,0.0,92.3688416490588,10.705325347824086,277.10650474543803,32.1159712970521,0.49999988915749455,-1.2846377342764747e-08,5422.316548364842,28.805451294577672,93.0649421616828,12.622050001114651,277.63327333992424,37.44479534304989,0.4914604655425734,-0.0011055817244306177
4.879543563316583,416667029.1571895,0.0,92.42903781593446,10.596190920721803,277.2870932137878,31.788568061070507,0.4999998890852592,-1.2715416162305357e-08,5422.493121331626,28.525569906017704,93.15239371588254,12.507217712752864,277.8922169897831,37.103761831714294,0.4914528949667033,-0.0010954646009224604
4.918237030904522,416667029.1571895,0.0,93.10401734920066,10.207470602033693,279.3120314936239,30.62240724439426,0.49999988827528463,-1.2248952241447859e-08,5424.346787363534,27.597152511736876,93.996595772402,12.17313249995016,280.3950893711759,36.10918529895544,0.4913792526932878,-0.0010656194558030635
4.956930498492462,416667029.1571895,0.0,93.72432391264155,9.845828383557341,281.1729508884037,29.537480721267052,0.49999988753091745,-1.1814982009741206e-08,5426.060262249417,26.728640685206738,94.78144624167183,11.856519143581275,282.7217916713196,35.16686151626499,0.49131081777096,-0.0010373813198422473
4.995623966080402,416667029.1571895,0.0,94.29631280655349,9.50858051419938,282.8889172963648,28.525737238806773,0.49999988684453156,-1.1410284968834317e-08,5427.648905923674,25.91423079835957,95.5129845556858,11.55599030219981,284.89027162805183,34.27261885744622,0.4912470570336324,-0.0010106175719519746
5.034317433668342,416667029.1571895,0.0,94.73791370627015,9.18697858607207,284.2137197807385,27.560931580515437,0.499999886314611,-1.1024363041261079e-08,5428.88986249178,25.117654125662344,96.0929095842906,11.247886766182344,286.60895461237743,33.356640762683256,0.4911965689259117,-0.0009833167968940168
5.073010901256281,416667029.1571895,0.0,95.01770147240872,8.875023341549898,285.0530829382123,26.625065976888948,0.499999885978866,-1.0650017125482918e-08,5429.695661017869,24.318157596544065,96.480506962559,10.920576220837646,287.75715295229446,32.38453941097849,0.4911629049549797,-0.0009544773204086191
5.1117043688442205,416667029.1571895,0.0,95.28762866115326,8.581479356324836,285.86286436886326,25.74443414397604,0.4999998856549538,-1.0297764698769354e-08,5430.473365947885,23.56405165685803,96.85442823192842,10.610781142682296,288.86484594387156,31.4645122218341,0.4911304252677306,-0.0009271903043872596
5.150397836432161,416667029.1571895,0.0,95.91380877530993,8.313866160664487,287.7414044131384,24.941594654407297,0.49999988490353836,-9.976629182322449e-09,5432.219781249783,22.932771034283505,97.6601943223109,10.387475977388767,291.25330297824974,30.799504573734918,0.49106018823578823,-0.0009072232539304691
5.1890913040201,416667029.1571895,0.0,96.59228465115056,8.058530784782665,289.7768317171618,24.175588618070556,0.4999998840893682,-9.670227034350653e-09,5434.116883892096,22.340796138485896,98.53755458011484,10.1847800520308,293.8538890712033,30.19547484127617,0.4909837217176164,-0.0008890401896762063
5.22778477160804,416667029.1571895,0.0,97.18063813550228,7.784091937785614,291.54189188616573,23.352272182337916,0.4999998833833447,-9.340900746563979e-09,5435.779287020761,21.679277604583746,99.31579783369332,9.940200415597735,296.160257744784,29.467737231640942,0.49091595843032226,-0.0008672821008209191
5.26647823919598,416667029.1571895,0.0,97.62488123107009,7.417278747546495,292.87462095178836,22.251832766910322,0.49999988285025354,-8.900725363335512e-09,5437.0653903164975,20.735383037224164,99.93502992437023,9.551203194436956,297.99462180785383,28.312555441084594,0.4908621581499171,-0.0008330380939233218
5.305171706783919,416667029.1571895,0.0,98.0322335636807,7.078895674066062,294.0966777465645,21.236683691193697,0.49999988236143134,-8.494666086311197e-09,5438.249206532266,19.859010714628432,100.50687276311672,9.186568792411279,299.68851790096306,27.229897418924452,0.4908124856285538,-0.000800967577012087
5.343865174371859,416667029.1571895,0.0,98.39851803936195,6.754451102908116,295.1955309901579,20.263350118513202,0.4999998819218903,-8.105332995949931e-09,5439.319641912769,19.01017681165543,101.02720761813802,8.828166586324931,301.22970241302556,26.1660059736768,0.490767305142465,-0.0007694870148228953
5.382558641959799,416667029.1571895,0.0,98.74027265041006,6.457544028463222,296.22079465219247,19.37262902481833,0.4999998815117852,-7.74904486843455e-09,5440.31982487083,18.230144077987575,101.5142466219905,8.496889395114785,302.6722364417345,25.18272798474971,0.49072501763782206,-0.0007404044607072269
5.421252109547739,416667029.1571895,0.0,99.0598120544642,6.184889212054003,297.17941270439036,18.55466469532989,0.4999998811283383,-7.421859421283072e-09,5441.256762507692,17.51096236291009,101.97103735643772,8.189760282410605,304.0251509709642,24.271207961672218,0.490685359284683,-0.0007134552132706741
5.459945577135678,416667029.1571895,0.0,99.02610863582285,6.15231679562436,297.07830246352466,18.45694746252401,0.49999988116878236,-7.382772562165397e-09,5441.166633526853,17.41451973526221,101.93181082837862,8.142241268850343,303.90876777838366,24.13048851073907,0.49068879573101576,-0.0007093327947062307
5.4986390447236175,416667029.1571895,0.0,99.39982779664811,5.815426678174778,298.19945975835094,17.446277259875508,0.49999988072031987,-6.978504832809727e-09,5442.2671567059115,16.517666428930625,102.4707513761883,7.754349426140995,305.5048888466639,22.979514232444124,0.49064201830843485,-0.0006753338108700976
5.537332512311558,416667029.1571895,0.0,99.74575684439532,5.511929308695728,299.2372467280054,16.535785287090306,0.4999998803052055,-6.614308360538291e-09,5443.28715985834,15.706175407142243,102.97083000677326,7.401322707934377,306.9858921717431,21.932092640229506,0.49059861531851756,-0.0006444063804610094
5.576025979899497,416667029.1571895,0.0,100.06674779651006,5.237244024753775,300.20021942333216,15.711729558708722,0.4999998799200167,-6.284686355949305e-09,5444.235113570838,14.968668494757033,103.43600432611743,7.078710795308199,308.3635011267352,20.97499588340431,0.4905582439354563,-0.0006161567347328134
5.614719447487437,416667029.1571895,0.0,100.00691674726801,5.273138874447267,300.02072630524094,15.819414092062576,0.4999998799918139,-6.327760131817641e-09,5444.060043737602,15.062934839506793,103.3511975561803,7.118702269521645,308.1123041509086,21.093698835313532,0.49056561017149125,-0.0006196674625577514
5.653412915075377,416667029.1571895,0.0,100.12788314699456,5.124652831071616,300.38362544261224,15.373956030238212,0.49999987984665434,-6.1495770621031145e-09,5444.423592091109,14.656181765088677,103.53278965264823,6.936023640019127,308.64994712415114,20.551971754009042,0.4905498708919032,-0.0006037050130579461
5.692106382663316,416667029.1571895,0.0,100.31065469869174,4.930128904472316,300.93194000508703,14.7903843396059,0.4999998796273288,-5.916148588927652e-09,5444.968690924077,14.124925282827414,103.80352588535345,6.698379317382318,309.45159918854836,19.847201271569492,0.49052639173024015,-0.0005829331718502694
5.730799850251256,416667029.1571895,0.0,100.65990312433621,4.599578072014631,301.9796851060077,13.798731993679295,0.4999998792082311,-5.519487995642704e-09,5446.007106448733,13.222649597100448,104.31700162441253,6.295086468770077,310.9720901075151,18.651159470641822,0.4904818479929412,-0.0005476804071935901
5.769493317839196,416667029.1571895,0.0,101.00668418963329,4.287188632699823,303.0200281273944,12.861563819534927,0.4999998787920942,-5.14462105211067e-09,5447.038618191462,12.366557821271869,104.82695379292245,5.910515594419386,312.48214559517226,17.510731049600274,0.4904376086489724,-0.0005140777412573213
5.808186785427136,416667029.1571895,0.0,101.32529036536766,4.011572385096522,303.9758464943941,12.034715204217562,0.49999987840976723,-4.81388189371927e-09,5447.986658873076,11.608074875366322,105.2960347965239,5.567998493307167,313.8711624106501,16.495094833851347,0.49039691470104974,-0.00048416218766391555
5.846880253015075,416667029.1571895,0.0,101.45144049272069,3.88063929362995,304.3542968125805,11.64191599114878,0.4999998782583872,-4.656762345182191e-09,5448.364837541763,11.243527973322418,105.48463846891616,5.4009568845167,314.4295818949639,15.999893446121122,0.4903805615599847,-0.0004695890526401036
5.8855737206030145,416667029.1571895,0.0,101.49799340128232,3.8073213142336506,304.49395551423765,11.421962087812517,0.4999998782025238,-4.568780860389576e-09,5448.507041946588,11.036505494209244,105.55695400364444,5.304456156612219,314.6436354362257,15.71388855945476,0.49037429972509716,-0.00046118089107002153
5.924267188190955,416667029.1571895,0.0,101.54439664525123,3.7358884459703843,304.63316522223886,11.207663516991976,0.49999987814683994,-4.4830615066352476e-09,5448.6483071934335,10.834716642984752,105.62881928926046,5.21034720864381,314.85636066623107,15.434974495933604,0.4903680756991888,-0.00045298144413868767
5.962960655778894,416667029.1571895,0.0,101.59062627716911,3.6662843971522334,304.77185409421793,10.998851403649857,0.4999998780913645,-4.399536733963053e-09,5448.78938757888,10.638008300945122,105.70021466801111,5.11855944959098,315.067699334196,15.162941987121181,0.4903618926635864,-0.0004449844836232006
6.001654123366834,416667029.1571895,0.0,101.63666036182997,3.5984545438815885,304.909956324565,10.795361876118974,0.4999998780361236,-4.318140993763143e-09,5448.929150733869,10.446226749297113,105.77112236353892,5.029024444451204,315.27759808185004,14.897588087090059,0.4903557503102404,-0.00043718412606657577
6.040347590954774,416667029.1571895,0.0,102.29365986877295,3.0178900888593496,306.8809545146183,9.05366878476661,0.49999987724772493,-3.62146436331502e-09,5450.892889617925,8.819739241428206,106.74706494768583,4.2781313470453695,318.16731335515556,12.671792853670354,0.49027110511416694,-0.00037171142428253347
6.079041058542713,416667029.1571895,0.0,102.43260809114383,2.866471630796299,307.2977991113213,8.599413483013501,0.49999987708098725,-3.4397624006903505e-09,5451.3111185152775,8.389406582888695,106.95679945601859,4.076012500062107,318.7882528816415,12.072830051557574,0.49025292354416844,-0.00035411043555876607
6.117734526130653,416667029.1571895,0.0,102.56695291155333,2.7263125904328853,307.70083350457105,8.178936429078027,0.49999987691977366,-3.2715717254382223e-09,5451.71562338432,7.990439505242206,107.15917889672372,3.8882746947817135,319.38742580467294,11.516500010221126,0.4902353790633797,-0.00033776395958478125
6.156427993718593,416667029.1571895,0.0,102.69674027264642,2.5963631996355905,308.0901955222528,7.789088319045463,0.49999987676402896,-3.1156326170886737e-09,5452.10558645765,7.619952960041165,107.35439576698435,3.7136190048720588,319.96539898966034,10.998950972339934,0.4902184534884766,-0.00032255860478269666
6.195121461306533,416667029.1571895,0.0,102.82204994225576,2.4756865569416395,308.4661244678035,7.427058448961331,0.4999998766136575,-2.970820795038013e-09,5452.482147821731,7.275373158609846,107.54266660941155,3.550883604939991,320.52281178751286,10.516737843859971,0.4902021298087849,-0.00030839284444321956
6.233814928894472,416667029.1571895,0.0,102.4479909032064,2.7490949137656138,307.3439475383632,8.24728338942978,0.49999987706252796,-3.298910485794824e-09,5451.365872588315,8.047618411426377,106.98840038933028,3.91090318232809,318.881629836942,11.583747586402831,0.49025020998113245,-0.0003397610894883886
6.2725083964824115,416667029.1571895,0.0,102.65944382090167,2.5406555741623578,307.9783061847135,7.621965470541332,0.49999987680878466,-3.048783535844202e-09,5452.0007515740945,7.4538906151906215,107.30553619863667,3.6313006897344358,319.82058506644717,10.755201502304645,0.49022271192566547,-0.0003154171883416646
6.311201864070352,416667029.1571895,0.0,102.85920535992332,2.3554616817755685,308.5775907010711,7.066383882379459,0.49999987656907113,-2.8265510939166225e-09,5452.599840351671,6.925059370123169,107.60470406260804,3.381533217894497,320.7063509347432,10.015098022393797,0.4901967696558428,-0.0002936755123179443
6.349895331658291,416667029.1571895,0.0,103.04777576843298,2.1902678023864515,309.14330183161087,6.570802323789749,0.4999998763427869,-2.628318642938462e-09,5453.165417572016,6.452200818197753,107.8869121423441,3.157573274956079,321.5419070074889,9.351494657207311,0.49017229758814845,-0.0002741842615863369
6.388588799246231,416667029.1571895,0.0,103.2257334646718,2.0423539689532695,309.6771748307257,6.127060894908078,0.49999987612923774,-2.4508222258036394e-09,5453.699380669584,6.027819681943572,108.1531957818869,2.956030131234799,322.3303150723988,8.754337449277806,0.49014920653803623,-0.00025664733919779565
6.427282266834171,416667029.1571895,0.0,103.38385389648695,1.913449946426017,310.1515360465413,5.740348889743811,0.49999987593949347,-2.296137558310075e-09,5454.173594895445,5.65688987366521,108.39007034912642,2.7792713268074487,323.03164287876143,8.230641043340418,0.4901286654977742,-0.00024127073187948765
6.46597573442211,416667029.1571895,0.0,103.47012342558409,1.8210962226265104,310.4103445901765,5.463287763420985,0.4999998758359701,-2.1853132041956114e-09,5454.434133780921,5.3888737868947825,108.5207626459995,2.650302506859526,323.41855919617944,7.848591055763738,0.49011733726421736,-0.00023005907787221555
6.50466920201005,416667029.1571895,0.0,103.5545898811996,1.7343529111973144,310.663743914315,5.203057871511818,0.49999987573461047,-2.081221337989501e-09,5454.688795508938,5.136875043179923,108.64854110909413,2.5288970774151935,323.79685282824414,7.488952762330641,0.4901062605521329,-0.0002195058114871951
6.54336266959799,416667029.1571895,0.0,103.6372050580714,1.6528192470666712,310.9115894031864,4.958456918991707,0.49999987563547243,-1.983381042100289e-09,5454.937739387618,4.899763197512275,108.77337970556721,2.414528409532403,324.16644580191945,7.1501653428646526,0.4900954382309602,-0.0002095650346864786
6.58205613718593,416667029.1571895,0.0,103.71793935063877,1.5761254216526581,311.1537922401166,4.728375480290846,0.4999998755385914,-1.8913485466861218e-09,5455.180913692107,4.676494355966837,108.89527232678914,2.3067101516894675,324.5273192053659,6.830787356204015,0.49008487095151737,-0.00020019437148130893
6.620749604773869,416667029.1571895,0.0,103.7964313759719,1.5039084757644134,311.3892682764905,4.511724678012388,0.49999987544440105,-1.8046883011671808e-09,5455.417276654424,4.4660239064372425,109.01372183527076,2.2049443023843067,324.8780001783745,6.529343346977728,0.490074601961121,-0.0001913505004846474
6.6594430723618085,416667029.1571895,0.0,103.86226897057269,1.434990801940986,311.5867810269946,4.304971690424947,0.4999998753653961,-1.721987178080301e-09,5455.615959188293,4.264429481756391,109.11351542412957,2.10706548583365,325.1734389301807,6.239430954669858,0.4900659516179494,-0.000182846834854272
6.698136539949749,416667029.1571895,0.0,103.92706150017293,1.3696592063120931,311.78115858304386,4.108976935682606,0.49999987528764495,-1.643589344387697e-09,5455.811391017455,4.073163418012558,109.21162578799355,2.0141134429029504,325.4638965997995,5.96411526047409,0.4900574468667047,-0.0001747717246869503
6.736830007537688,416667029.1571895,0.0,103.99076894165366,1.3077016169856912,311.9722808752978,3.923104198211019,0.49999987521119627,-1.5692403140810269e-09,5456.003468862641,3.8916218248846026,109.30801584595946,1.925803901439066,325.7492629023916,5.702553874794557,0.4900490909841696,-0.0001671004199866646
6.775523475125628,416667029.1571895,0.0,104.05336113808443,1.2489189929727431,312.16005743297677,3.746756355138598,0.4999998751360856,-1.4987012382194502e-09,5456.192138039089,3.719237790359305,109.40265991936064,1.8418699221452255,326.02946139435466,5.453955774400681,0.4900408862882431,-0.0001598096795221917
6.814216942713568,416667029.1571895,0.0,104.11481644190057,1.1931246358035252,312.34442331339494,3.579373311145797,0.4999998750623394,-1.4317480788700556e-09,5456.377326568339,3.5554793737445864,109.49554214754944,1.7620609418446629,326.30444474846394,5.217578467306643,0.4900328341639049,-0.0001528776894902667
6.852910410301507,416667029.1571895,0.0,104.16495281918932,1.147544171754839,312.49483241994346,3.442631941502442,0.49999987500217574,-1.3770515785974246e-09,5456.528440854544,3.4215349605372634,109.57134817494396,1.696692778858487,326.52887230294675,5.023975682314141,0.49002626249294534,-0.0001472005135727455
6.891603877889447,416667029.1571895,0.0,104.21247918291783,1.1051948068034312,312.6374114871319,3.3155838675704077,0.4999998749451442,-1.3262323932361464e-09,5456.671680066376,3.2969886536599797,109.64319957377877,1.6358584893083028,326.7415921434406,4.843803284673543,0.490020033618124,-0.0001419174099020042
6.930297345477387,416667029.1571895,0.0,104.25930189637569,1.0645564790588473,312.7778796038669,3.193668904425478,0.499999874888957,-1.2774664504034357e-09,5456.812784343472,3.177395374303658,109.7139727438207,1.5774006264403118,326.9511201285948,4.670670987227656,0.49001389816618385,-0.00013684093632574385
6.968990813065327,416667029.1571895,0.0,104.30541647651341,1.0255497033713206,312.9162233210015,3.076648596656605,0.4999998748336196,-1.2306583680178537e-09,5456.951745636691,3.0625280052013135,109.78366645757359,1.5212118499027856,327.15745250533485,4.50426072533659,0.490007856260709,-0.00013196174978670936
7.007684280653266,416667029.1571895,0.0,104.3508205892014,0.9880989589366316,313.05243563614727,2.9642963818874883,0.4999998747791347,-1.1857175212077214e-09,5457.088561397483,2.952170665898743,109.85228198985881,1.467190080151174,327.3605929447774,4.344270025108476,0.4900019078056215,-0.0001272709654387012
7.0463777482412056,416667029.1571895,0.0,104.3935312911384,0.9510625867799747,313.18056772038847,2.853187283773445,0.4999998747278819,-1.1412739206270255e-09,5457.217342238783,2.842859193483522,109.91691162875912,1.4135851537251585,327.5519310568114,4.185517963796252,0.4899963051371275,-0.00012261692899977878
7.085071215829146,416667029.1571895,0.0,104.43419791880214,0.914637685139108,313.302567582835,2.7439125969244054,0.49999987467908197,-1.0975640839139735e-09,5457.340013417665,2.735212878567571,109.97850400856157,1.3607211040189244,327.7342760421242,4.028963294430768,0.4899909659217095,-0.00011802765484805982
7.123764683417085,416667029.1571895,0.0,104.47436189637993,0.8795766301095614,313.42305949528003,2.638729449241729,0.4999998746308853,-1.0554908614436495e-09,5457.461163339772,2.6315357680744462,110.03932430552591,1.309773084194854,327.91433549267424,3.878084299841541,0.48998569360945954,-0.00011360490881960673
7.162458151005025,416667029.1571895,0.0,104.51401590078788,0.845822518814076,313.5420214884748,2.537467132121171,0.49999987458330053,-1.0149859698337608e-09,5457.5807627636505,2.531664351468267,110.09936547316215,1.2606633082836514,328.09208845596083,3.732650511749215,0.48998048880324413,-0.00010934192369270999
7.201151618592965,416667029.1571895,0.0,104.55315430168505,0.8133209064214894,313.6594366713988,2.4399623110955964,0.4999998745363345,-9.759840753542918e-10,5457.69880397731,2.4354421298788744,110.15862253249195,1.213317297133493,328.2675201178239,3.592441260910215,0.4899753519560147,-0.00010523221976808829
7.239845086180904,416667029.1571895,0.0,104.58954847698409,0.7831080997712168,313.76861917891233,2.349323906170413,0.4999998744926615,-9.397287449255313e-10,5457.808585197803,2.345922018279536,110.21374287938282,1.1692290263286977,328.4307045605295,3.461881121904373,0.489970573757754,-0.0001014055232044398
7.278538553768844,416667029.1571895,0.0,104.62377080084724,0.7547685380942099,313.8712861332138,2.2643052352427,0.4999998744515948,-9.057213061401446e-10,5457.911828076388,2.2618891648742445,110.26558818412227,1.127809068412597,328.58419288411994,3.3392242205081835,0.4899660794990448,-9.781062260408978e-05
7.317232021356784,416667029.1571895,0.0,104.65544085155939,0.728007186102322,313.96629626934805,2.1840211925957473,0.49999987441359084,-8.736077170194556e-10,5458.007397228899,2.182462208936324,110.31359421112515,1.0886194485548588,328.726314404841,3.2231737352027783,0.4899619181277564,-9.440952543579074e-05
7.355925488944724,416667029.1571895,0.0,104.68477000093654,0.7026554356834627,314.054283702657,2.10796595397559,0.4999998743783958,-8.431856480379008e-10,5458.095926293631,2.1071519294329164,110.35807665105767,1.0514248204715644,328.8580038263738,3.113032486251516,0.48995806226596283,-9.118177217068767e-05
7.394618956532663,416667029.1571895,0.0,104.7138299054925,0.6780512375119966,314.14146340163916,2.0341533717298876,0.49999987434352394,-8.136606408257042e-10,5458.183640483793,2.0340289340182665,110.40214830364081,1.0152924342911411,328.9884771682175,3.006037536568041,0.48995424200398685,-8.804630355457242e-05
7.433312424120603,416667029.1571895,0.0,104.74261666926097,0.6541706961578541,314.2278236783972,1.962511759580047,0.49999987430897985,-7.850040208963757e-10,5458.270529588262,1.9630242069129817,110.44580477697541,0.9801892633758149,329.11772139566625,2.9020910417851575,0.4899504577271978,-8.500024742867003e-05
7.472005891708543,416667029.1571895,0.0,104.77112699716406,0.630990683980395,314.3133546476991,1.8929717346153963,0.4999998742747675,-7.571880351097905e-10,5458.356585009693,1.8940709324138854,110.48904243864185,0.9460833242950583,329.2457257256859,2.801098248555376,0.48994670975458315,-8.204082241409723e-05
7.510699359296482,416667029.1571895,0.0,104.79935815037956,0.6084888217765869,314.3980480930793,1.8254661592377228,0.49999987424089015,-7.301858284500267e-10,5458.441789967266,1.8271044385691886,110.5318583597853,0.9129436499261414,329.3724814572112,2.702967414800553,0.4899429983259257,-7.916533570629468e-05
7.5493928268844215,416667029.1571895,0.0,104.82730790458525,0.5866434591875038,314.4818973415721,1.7599300823807835,0.4999998742073505,-7.039714205131895e-10,5458.526156191722,1.7620621419310432,110.5742502628519,0.8807402624177986,329.49798183107237,2.6076097298507834,0.4899393236737262,-7.637118021174619e-05
7.588086294472362,416667029.1571895,0.0,104.85497451091416,0.5654336549704531,314.5648971465773,1.6963006803266911,0.4999998741741506,-6.785196818339865e-10,5458.609671900593,1.698883488569827,110.61621647245194,0.8494441461137833,329.6222218633134,2.514939233884541,0.48993568593250053,-7.365583292342486e-05
7.626779762060301,416667029.1571895,0.0,104.88143224582885,0.5452854532369498,314.6442703379497,1.6358560851975896,0.4999998741424013,-6.543418648164966e-10,5458.689547671587,1.6388342483502925,110.65635801845063,0.8196805198016728,329.7410598208449,2.4268073304504862,0.48993220638373103,-7.107354980285312e-05
7.665473229648241,416667029.1571895,0.0,104.90362369411608,0.527593914127884,314.71084467159284,1.582781476720652,0.4999998741157717,-6.331120398951865e-10,5458.75656634073,1.5860591578354133,110.69005015694825,0.7934966735206702,329.84080397234254,2.3492764722755615,0.4899292859491615,-6.880199289012891e-05
7.704166697236181,416667029.1571895,0.0,104.92564308975578,0.5103265263898389,314.77690284738014,1.5309793221473451,0.4999998740893484,-6.123911960925264e-10,5458.823067022876,1.5345302827503065,110.72348303465162,0.7679208663412979,329.93978054869706,2.2735464679112765,0.4899263879917658,-6.658324407525817e-05
7.74286016482412,416667029.1571895,0.0,104.94748908250781,0.49347237750768563,314.84244081459195,1.4804168839376068,0.4999998740631333,-5.921662384038843e-10,5458.8890462850095,1.4842159921082432,110.75665511587222,0.7429378995749271,330.03798499257215,2.199572292625745,0.4899235126464496,-6.44159819788203e-05
7.78155363241206,416667029.1571895,0.0,104.96916052753564,0.47702083804674955,314.90745513871894,1.4310622737925984,0.4999998740371275,-5.724244115208214e-10,5458.954501244828,1.4350854675183002,110.78956512970413,0.7185329606324199,330.1354135315126,2.1273100656630963,0.48992066002498375,-6.229891881543298e-05
7.8202471,416667029.1571895,0.0,104.99065647292552,0.4609615557417453,314.9719429640207,1.3828844349215168,0.49999987401133245,-5.531532927378237e-10,5459.019429540228,1.3871086861694133,110.82221205413981,0.6946916149049773,330.232063130856,2.0567170261885828,0.48991783021739915,-6.023079968745278e-05
