Volumic fraction f,K - Mori-Tanaka,K - Differential,K - Self-consistent,K - Generalised self-consistent,G - Mori-Tanaka,G - Differential,G - Self-consistent,G - Generalised self-consistent,E - Mori-Tanaka,E - Differential,E - Self-consistent,E - Generalised self-consistent,nu - Mori-Tanaka,nu - Differential,nu - Self-consistent,nu - Generalised self-consistent
0.01,418.5335324656852,419.2513423065094,419.2526139503973,419.25007381163266,193.61463778939506,193.61536903523105,193.61604408762196,193.6146645568316,503.24337400835213,503.36015921854914,503.3618837682715,503.35836887703124,0.29960053577084567,0.29989721819799253,0.29989713956884817,0.29989732448515205
0.0198989898989899,420.39176872203694,421.8320101290909,421.83705257519784,421.82699225739105,194.9167400336521,194.91962788382475,194.92229726042402,194.91694023071625,506.4738453803418,506.711936292637,506.71875783946604,506.70507751509365,0.29920561285013236,0.2997971055912476,0.29979680355005606,0.2997974340129822
0.029797979797979796,422.2602653144514,424.4348823383209,424.446204054943,424.42364231013875,196.22723879180532,196.23369675509846,196.2396735464068,196.2278820052688,509.7242636554248,510.08933323543476,510.1046116321578,510.0744329110432,0.2988111813473458,0.2996986289057969,0.29969797241720386,0.29969917551611597
0.039696969696969696,424.1391074575556,427.06017699792045,427.08029380030916,427.04025146987397,197.54621554304688,197.55764445461628,197.5682343400371,197.547676957237,512.9948195501777,513.4925411947842,513.5196206357319,513.4668940650437,0.29841722895064016,0.2996018013181608,0.29960067303103766,0.29960246046374284
0.049595959595959596,426.02838131223433,429.70811380578823,429.73954757453356,429.67705074743776,198.87375282421473,198.89154002288012,198.90804013354546,198.87649922594298,516.2857061784172,516.921752133417,516.9639584086358,516.8828912832646,0.2980237433211311,0.29950663581254205,0.29950493218260527,0.2995072150179887
0.059494949494949496,427.92817399880107,432.37891523287925,432.4241914384085,432.33427473250174,200.20993424700941,200.23545283511208,200.25915048386588,200.21451201472402,519.5971190893778,520.3771592360898,520.4377964945717,520.3228307228467,0.29763071209124864,0.29941314554472254,0.29941077657897436,0.2994133778988545
0.06939393939393938,429.8385736103898,435.07280585128143,435.1344516941577,435.01216166314174,201.55484451554844,201.5894525364123,201.62162397961148,201.5618689892268,522.9292563066164,523.8589566552263,523.941304338497,523.7870975743682,0.2972381228630709,0.2993213436119724,0.2993182328287353,0.29932089884114904
0.07929292929292929,431.7596692265717,437.7900125371965,437.87055482842135,437.71095349704086,202.9085694442658,202.95360905651302,202.99551820812064,202.9187153340525,526.282318367661,527.3673395762277,527.4746492025456,527.2760584720012,0.2968459632066409,0.2992312431098002,0.29922732742738106,0.2992297373950433
0.08919191919191918,433.69155092720104,440.53076451082904,440.6327274541608,440.4308959843668,204.2711959761646,204.327992609523,204.38088972260803,204.28518859181915,529.65650836442,530.9025042227745,531.0379960819126,530.7900634115085,0.29645422065826404,0.2991428571349626,0.2991380867424875,0.2991398619507274
0.09909090909090908,435.6343098064952,443.2952933772547,443.42119625169505,443.172238742369,205.6428122014308,205.7126736931356,205.77779400945653,205.66141935322509,533.0520319843685,534.4646478610497,534.6315076208181,534.3294473310284,0.2960628827187856,0.2990561987889911,0.2990505369987808,0.29905124892023
0.10898989898989898,437.5880379873528,446.0838331176523,446.2361879086953,445.93523533174397,207.02350737641675,207.1077230585685,207.18628545568524,207.04753183991994,536.4690975525301,538.0539687300587,538.2553440285966,537.8945314491383,0.2956719368518496,0.2989712811866054,0.2989647042630223,0.2989638820351035
0.11888888888888888,439.55282863591543,448.89662009005,449.0779290595319,448.72014333481684,208.41337194300294,208.51321172829026,208.60641731663128,208.4436444074767,539.9079160742718,541.6706660809625,541.9096629960611,541.4856244219119,0.2952813704821356,0.2988881174273111,0.29888061442886643,0.2988777517327107
0.12878787878787878,441.52877597637746,451.7338930945809,451.94664622361375,451.52722443559094,209.81249754834658,209.92921100633964,210.0382416838815,209.84986998722596,543.3687012789301,545.3149402100943,545.5946196121596,545.1030233614104,0.2948911709935748,0.29880672059884594,0.29879829320154944,0.2987928546121853
0.1386868686868687,443.51597530604835,454.5958908702736,454.8425657430573,454.35674450171655,211.22097706502657,211.35579228115725,211.4818094534921,211.2663164803663,546.8516696642884,548.9869916091162,549.310366281066,548.7470147459546,0.2945013257275445,0.2987271029667905,0.2987177660825416,0.29870919294640974
0.1485858585858586,445.5145230106736,457.4828625317161,457.76591371950855,457.2089736684337,212.6389046115936,212.79302784556614,212.93717029453398,212.69308711425484,550.3570405419237,552.687024499196,553.0570526397571,552.4178752446003,0.2941118219810393,0.2986492792900778,0.2986390583540924,0.29862677423984985
0.15848484848484848,447.52451658001854,460.3950520090897,460.7169159504626,460.08418642454365,214.06637557353534,214.24098961009804,214.40437261800145,214.13028076837568,553.8850360834439,556.4152414159782,556.8348254762183,556.1158724727835,0.2937226470048195,0.29857326188749134,0.2985621950638012,0.29854561082449865
0.16838383838383839,449.5460546237208,463.3327078342182,463.69579786479545,462.9826617004679,215.50348662466635,215.6997499250717,215.88346354612366,215.5779922757896,557.435881367636,560.1718466422384,560.6438286483135,559.8412656922808,0.2933337880015352,0.29849906371432283,0.2984872010091027,0.29846571948790146
0.1782828282828283,451.5792368874169,466.2960810524002,466.7027844577894,465.9046829584522,216.95033574895285,217.16938141519938,217.374488882116,217.0363127046326,561.0098044285436,563.9570454967414,564.4842030034554,563.5943064658225,0.2929452321238259,0.2984266976810361,0.2984141007217732,0.2983871211284928
0.18818181818181817,453.6241642691478,469.2854255689626,469.7381002256223,468.8505382849789,218.40702226278248,218.64995684371297,218.87749308041091,218.5053296233163,564.6070363045017,567.7710440841079,568.356086299151,567.3752392746358,0.2925569664723943,0.2983561768775932,0.2983429184524451,0.29830984043441894
0.19808080808080808,455.68093883605,472.3009976849891,472.80196909943334,471.8205204854492,219.87364683769013,220.1415493156169,220.39251921740635,219.9851273523867,568.2278110881421,571.6140496752195,572.2596131245319,571.1843021056103,0.29216897809405434,0.2982875142204445,0.2982736781551693,0.29823390558273893
0.207979797979798,457.7496638413376,475.3430564966309,475.8946143787941,474.8149271812019,221.35031152355032,221.64423215488893,221.9196089627698,221.47578720546008,571.8723659774009,575.4862704948896,576.1949148229231,575.0217270135663,0.2917812539797517,0.2982207226866377,0.29820640347196214,0.29815934795645727
0.21787878787878787,459.830443741581,478.411863850439,479.0162586651634,477.8340609089347,222.8371197722475,223.1580789101928,223.45880255133716,222.97738772123733,575.5409413275453,579.3879157262973,580.1621194156347,578.8877406631572,0.2913937810625576,0.29815581527627505,0.2981411177175466,0.29808620187727985
0.22777777777777777,461.92338421428866,481.507684064336,482.16712379475234,480.87822922260005,224.33417646183602,224.68316339094017,225.01013875564357,224.49000488826013,579.2337807042463,583.3191955452643,584.1613515269642,582.7825648541783,0.2910065462156322,0.298092804867428,0.2980778438640747,0.29801450435233906
0.23767676767676768,464.028592175798,484.6307839727403,485.347430771302,483.9477447978449,225.84158792120112,226.21955966215984,226.573654859124,226.01371236380695,582.951130937721,587.2803211145853,588.1927323105782,586.7064170334467,0.29061953625016096,0.2980317042249567,0.2980166045260138,0.29794429483341356
0.24757575757575756,466.1461757994818,487.7814338268138,488.55739969867363,487.04292553907135,227.35946195523374,227.76734192167933,228.14938663002098,227.5485816881069,586.6932421779732,591.2715044535635,592.2563793773419,590.659510795926,0.2902327379132585,0.2979725264056505,0.2979574219451572,0.2978756149874028
0.25747474747474747,468.27624453427677,490.9599076924861,491.79724971339294,490.16409468919323,228.88790787053108,229.32658558046955,229.73736829603635,229.0946824948725,590.4603679511503,595.2929609285194,596.3524067247007,594.6420563773659,0.2898461378858429,0.29791528405160445,0.2979003179758055,0.2978085084770027
0.2673737373737374,470.4189091235407,494.1664785401001,495.06719891693524,493.3115809421697,230.4270365016362,230.89736350005487,231.33763251976217,230.65208271900522,594.2527652170536,599.3448999976833,600.4809246676615,598.6542611403983,0.28945972278047755,0.29785999050080303,0.29784531407004233,0.2977430207506867
0.2772727272727273,472.5742816242449,497.40142576135935,498.3674643084635,496.48571855839685,231.9769602378298,232.47975145270215,232.95021037492776,232.22084880220444,598.0706944278207,603.4275387018259,604.6420397715739,602.696330055748,0.2890734791391797,0.29780665828136194,0.2977924312633526,0.29767919884122557
0.2871717171717172,474.7424754265098,500.6650301532631,501.69826171728647,499.68684748304355,233.53779305048738,234.07382459254114,234.57513132349598,233.80104589711112,601.9144195878133,607.5410929165996,608.835854786665,606.7684661800027,0.2886873934311959,0.2977553000087971,0.29774169016031926,0.2976170911720889
0.29707070707070704,476.92360527348944,503.9575753027435,505.0598057356672,502.91531346741874,235.10965052101668,235.67965829250693,236.2124231936433,235.39273807053064,605.7842083147367,611.685779456812,613.0624685845138,610.8708711311789,0.2883014520507421,0.29770592822575304,0.29769311092061973,0.2975567473711609
0.30696969696969695,479.11778728161335,507.2793476266372,508.45230965184066,506.17146819346124,236.69264986938848,237.29732813909777,237.86211215865652,236.99598850620893,609.6803319020222,615.8618160693006,617.3219760965147,615.0037455631749,0.28791564131470815,0.2976585554058533,0.29764671324526587,0.29749821809127946
0.31686868686868686,481.3251389611929,510.6306364544675,511.87598538334225,509.45566940144704,238.28690998327696,238.92690992032755,239.5242227167777,238.61085970757614,613.6030653825039,620.0694214174783,621.614468254422,619.1672896400645,0.28752994746032584,0.29761319397686603,0.2976025163631197,0.29744155483717344
0.32676767676767676,483.54577923739987,514.0117348769805,515.331043410791,512.7682810210098,239.8925514478237,240.56847949283957,241.19877767202834,240.23741370082374,617.5526875934169,624.3088149200797,625.9400319330692,623.3617035110717,0.2871443566427983,0.29756985669159974,0.29756053901772955,0.2973868097984235
0.33666666666666667,485.7798284716248,517.4229388427204,518.8176927117872,516.1096733055774,241.50969657604156,242.22211292568875,242.8857981160413,241.87571223863722,621.529481242755,628.5802169240429,630.2987498952757,627.58718778698,0.2867588549328922,0.29752855619107926,0.2975207994543669,0.29733403568812167
0.3465656565656566,488.02740848322344,520.8645471609096,522.336140695957,519.4802229703273,243.13846943987446,243.887886500741,244.5853034109313,243.52581700487465,625.5337329770173,632.8838487036109,634.6907007391818,631.843944018655,0.28637342831448753,0.29748930499196397,0.29748331540760825,0.2972832855869389
0.3564646464646465,490.2886425716599,524.3368617624556,525.8865931400045,522.880313333769,244.7789959019295,245.56587667237747,246.29731117322743,245.18778982045237,629.5657334503786,637.219932410363,639.1159588478803,636.1321751782907,0.285988062682089,0.29745211558956164,0.297448104089072,0.29723461279234475
0.36636363636363634,492.5636555390542,527.8401877366057,529.4692541236996,526.3103344630659,246.43140364789846,247.25616006261777,248.0218372588963,246.8616928506766,633.6257773953205,641.5886910659441,643.5745943415652,640.4520861439553,0.28560274383829304,0.297417000457059,0.29741518217561846,0.29718807067274766
0.37626262626262624,494.8525737131434,531.37483336684,533.0843259665444,529.7706833232121,248.09582221968645,248.9588134563451,249.75889574947814,248.54758881424362,637.7141636947548,645.990348554805,648.0666730322091,644.8038841879603,0.28521745749121313,0.29738397204419387,0.29738456579791944,0.29714371252634775
0.38616161616161615,497.15552497066494,534.94111014266,536.7320091652396,533.2617639301826,249.77238304926544,250.67391379892246,251.50849893935901,250.2455411941161,641.8311954556834,650.425129618261,652.5922563808458,649.1877794695617,0.2848321892518593,0.29735304276614566,0.29735627052943375,0.2971015914445109
0.39606060606060606,499.47263876117165,538.5393321394616,540.4125023321103,536.7839875081837,251.46121949327147,252.40153825551394,253.2706573242004,251.95561445047582,645.9771800844245,654.8932598830861,657.1514014575338,653.6039855324774,0.2844469246314726,0.29732422474406095,0.29733031137583316,0.29706176017948843
0.40595959595959596,501.80404613128735,542.1698165594913,544.1260021340411,540.3377726511296,253.16246686836465,254.14176407464657,255.04537959054397,253.6778742359469,650.152429363452,659.3949656413542,661.7441609039739,658.052719807696,0.28406164903881226,0.29729753006608656,0.2973067027647276,0.29702427101631695
0.41585858585858587,504.14987974941243,545.8328843524196,547.872703233209,543.9235454884796,254.8762624873715,255.89466872461975,256.83267260661216,255.41238761328026,654.3572595298829,663.9304742557407,666.3705828990421,662.5342041220508,0.2836763477773941,0.29727297087659804,0.29728545853610056,0.2969891756487421
0.4257575757575757,506.5102739308899,549.5288597724854,551.652798228133,547.5417398555738,256.6027456962301,257.66032982227466,258.6325414143166,257.1592232756938,658.5919913556583,668.500013924022,671.0307111270254,667.0486652130402,0.28329100604268004,0.2972505592636837,0.29726659193296784,0.2969565250590183
0.43565656565656563,508.88536466364144,553.2580702964351,555.4664775962096,551.19279746861,258.3420579117588,259.4388250951897,260.4449892224918,258.91845177006263,662.8569502294565,673.103813577727,675.7245847487983,671.5963352503765,0.2829056089192158,0.2972303072424897,0.29725011559263137,0.2969263694014364
0.44555555555555554,511.2752896342833,557.0208467452452,559.3139296373715,554.8771681044103,260.09434266026983,261.2302324063697,262.2700174013634,260.6901457231623,667.1524662403868,677.7421029544157,680.4522383759058,676.1774523647729,0.2825201413777162,0.2972122267611818,0.2972360415384035,0.29689875788944053
0.45545454545454545,513.6801882547339,560.8175233336149,563.1953404190026,558.5953097851307,261.8597456170505,263.03462975493426,264.10762547826414,262.47438007117785,671.4788742635062,682.4151126041279,685.2137020476088,680.7922611844971,0.2821345882720969,0.29719632969986626,0.29722438117183647,0.29687373868619044
0.46535353535353535,516.1002016893227,564.6484377075711,567.1108937222677,562.3476889680735,263.6384146467342,264.85209525619916,265.9578111346035,264.2712322927,675.8365140472055,687.1230738475368,690.0090012109378,685.4410133802465,0.2817489343364504,0.2971826278792744,0.29721514526549925,0.29685135879842905
0.47525252525252526,518.5354728824113,568.5139311950106,571.0607709893261,566.1347807407676,265.43049984458486,266.68270711613815,267.8205702040986,266.0807826454445,680.2257303025153,691.8662187564317,694.8381567036901,690.1239682189326,0.28136316418196444,0.29717113313824584,0.29720834395612933,0.29683166397351246
0.4851515151515151,520.9861465865397,572.4143484867618,575.04515127289,569.9570690214873,267.2361535787193,268.52654366397337,269.69589667227183,267.90311440694853,684.6468727943778,696.6447801708043,699.7011847406277,694.8413931270057,0.2809772622937832,0.2971618571953286,0.29720398673860493,0.296814698599457
0.495050505050505,523.4523693911074,576.3500378010237,579.0642111863921,573.8150467653887,269.0555305332923,270.3836833493209,271.5837826772152,269.7383141195136,689.1002964349381,701.4589917158119,704.5980969025984,699.5935642639913,0.28059121302780726,0.29715481168581676,0.29720208246019003,0.2968005056078552
0.5049494949494949,525.9342897516026,580.3213509182871,583.1181248560945,577.7092161764471,270.88878775267005,272.25420472386844,273.48421851162465,271.58647183968566,693.5863613789068,706.30908776262,709.5289001288099,704.380767106957,0.2802050006074315,0.2971500081678961,0.2972026393154583,0.29678912637950683
0.5148484848484849,528.4320580193915,584.3286432350602,587.2070638747016,581.6400889253862,272.736084686618,274.1381864419364,275.39719262610123,273.4476813925862,698.1054331210443,711.195303434593,714.4935967121867,709.2032970466822,0.27981860912022033,0.29714745812186794,0.29720566484175065,0.29678060065260853
0.5247474747474747,530.9458264720794,588.3722737760665,591.331197256595,585.6081863738005,274.59758323653205,276.0357072497112,277.32269163371643,275.32204063143314,702.6578825958292,716.1178745811116,719.4921842978259,714.0614599963692,0.2794320225145168,0.29714717294398296,0.2972111659151935,0.2967749664333372
0.5346464646464646,533.4757493444575,592.4526052145517,595.4906913948531,589.6140398046734,276.47344780273863,277.94684597652076,279.26070031583606,277.2096517026161,707.2440862793602,721.0770377571886,724.5246558845777,718.9555730137863,0.27904522459598474,0.2971491639414046,0.29721914874731836,0.29677225990865685
0.5445454545454546,536.021982860049,596.5700040600235,599.6857100194484,593.6581906595076,278.3638453328955,279.8716815302101,281.2112016291959,279.1106213167216,711.8644262935563,726.0730302397161,729.5909998296348,723.8859649378103,0.27865819902408173,0.2971534423738077,0.2972296188820937,0.2967725153611739
0.5544444444444444,538.5846852632656,600.7248408877095,603.9164141582028,597.7411907822889,280.26894537152066,281.81029284367685,283.17417671421833,281.0250610259349,716.5192905127122,731.1060899408716,734.6911998563793,728.8529770404106,0.27827092930846137,0.29716001953559584,0.2972425811938276,0.29677576508585307
0.5643434343434344,541.1640168521918,604.9174898697837,608.1829620985701,601.8636026705155,282.18892011068243,283.762758947462,285.1496049045612,282.95308750827974,721.2090726724736,736.1764554892695,739.8252350651517,733.8569636951928,0.2778833988053024,0.29716890655403244,0.2972580398853599,0.2967820393084046
0.5742424242424242,543.7601400120083,609.1483290184678,612.4855093516946,606.0259997335312,284.12394444188084,285.7291589416573,287.1374637378839,284.8948228591936,725.9341724812957,741.284366202275,744.9930799471553,738.8982930637104,0.2774955907135621,0.2971801144622361,0.29727599848696357,0.29679136610513884
0.5841414141414141,546.3732192490705,613.4177402210262,616.8242086182304,610.228966558412,286.07419600915404,287.7095719790942,289.13772896781586,286.85039489097704,730.6949957344515,746.4300620492404,750.194704401383,743.9773478008412,0.2771074880711543,0.29719365420257565,0.2972964598557936,0.29680377132407987
0.594040404040404,549.0034212256577,617.7261093039108,621.1992097560384,614.4730991836666,288.0398552634434,289.7040772675225,291.15037457711185,288.81993744069763,735.4919544306576,751.6137836620044,755.4300737545586,749.0945257806322,0.2767190737510458,0.2972095366264708,0.29731942617590784,0.2968192785071168
0.6039393939393939,551.6509147954062,622.0738260409943,625.6106597497828,618.7590053810169,290.0211055182525,291.71275405627284,293.1753727919743,290.803590687174,740.3254668913895,756.8357723012404,760.6991487840572,754.250240844111,0.27633033045727284,0.29722777248752535,0.29734489895885513,0.29683790881296296
0.6138383838383838,554.3158710394453,626.4612842202762,630.0587026826005,623.0873049455419,292.01813300663497,293.7356816385934,295.21269409752415,292.80150147771656,745.1959578829578,762.0962698674514,766.0018857437952,759.4449235706882,0.27594124072087367,0.2972483724417242,0.2973728790448706,0.2968596809406819
0.6237373737373737,556.9984633032486,630.8888819194633,634.5434797090027,627.4586299944731,294.03112693955035,295.77293931288693,297.26230725439456,294.81382366535166,750.1038587414195,767.3955188539359,771.3382363929068,764.6790220748861,0.2755517868957334,0.29727134712979497,0.2974033666044347,0.29688461105352826
0.6336363636363637,559.6988672342221,635.357021303539,639.0651290310802,631.873625274945,296.0602795656242,297.8246064052318,299.32417931642993,296.8407184573148,755.0496075004032,772.7337623584858,776.7081480275071,769.9530028302712,0.27516195115434255,0.2972967070878522,0.2974363611407613,0.29691271270283826
0.6435353535353535,562.4172608200406,639.86610884796,643.6237858753905,636.3329484810154,298.1057862323539,299.8907622442521,301.3982756494589,298.8823547756564,760.0336490219281,778.1112440580066,782.1115635150512,775.2673515225946,0.2747717154834621,0.2973244628059902,0.29747186149247523,0.29694399675169314
0.6534343434343434,565.1538244277546,644.4165550352783,648.2195824724372,640.8372705802834,300.16784544879994,301.9714861918317,303.48455995111937,300.9389096308731,765.0564351302971,783.5282082217464,787.548421331557,780.6225739343121,0.27438106167969595,0.2973546246084951,0.2975098658370023,0.29697847129806393
0.6633333333333333,567.9087408436839,649.0087746024894,652.8526480380172,645.3872761504443,302.2466589498053,304.0668576166689,305.5829942717038,303.0105685095412,770.1184247491487,788.9848996866458,793.0186556015096,786.0191968627985,0.2739899713449668,0.2973872027205667,0.29755037169445864,0.29701614159713413
0.6732323232323232,570.6821953141161,653.6431865709759,657.5231087565529,649.9836637261373,304.34243176178654,306.1769558862612,307.6935390359997,305.09752577701107,775.2200840417576,794.4815638381365,798.5221961404138,791.4577690747628,0.2735984258818929,0.2974222072631601,0.29759337593206286,0.29705700998247603
0.6831313131313131,573.4743755868295,658.3202142966393,662.2310877664124,654.6271461564547,306.45537227014216,308.30186036395935,309.81615306609024,307.19998509629755,780.3618865546708,800.018446605472,804.0589684999208,796.9388622995463,0.2732064064890619,0.2974596482503008,0.2976388747690607,0.29710107578574735
0.693030303030303,576.28547195346,663.0402854988711,666.9767051473993,659.3184509734971,308.58569228832346,310.44165040039195,311.9507936050866,309.31815986439113,785.544313364776,805.5957944407909,809.628894015507,802.4630722641915,0.2728138941562006,0.29749953558385944,0.2976868637822011,0.29714833525455003
0.702929292929293,579.115677292732,667.8038326071577,671.760077909336,664.0583207723737,310.73360712861785,312.59640530572403,314.09741634175583,311.4522736673094,790.7678532298946,811.213854307069,815.231889856442,808.0310197733927,0.27242086965923606,0.2975418791423554,0.2977373379114704,0.29719878146807877
0.7128282828282828,581.9651871145744,672.6112927777822,676.5813199843108,668.8475136030668,312.8993356746921,314.766204344164,316.2559754360151,313.6025607553089,796.0330027429998,816.8728736616384,820.8678690784146,813.643351837665,0.27202731355524634,0.2975866887673766,0.2977902914667499,0.29725240425016397
0.7227272727272727,584.8341996051411,677.4631074267733,681.4405422192583,673.6868033745919,315.0831004559494,316.95112676942404,318.4264235452515,315.76926653978984,801.3402664901636,822.5731004522291,826.5367406781817,819.3007428533335,0.2716332061772951,0.29763397410263137,0.29784571813451094,0.2973091900792918
0.7326262626262626,587.7229156727608,682.3597225701402,686.3378523712663,678.5769802719094,317.2851277237504,319.1512517949255,320.6087118514357,317.95264811354684,806.690157212335,828.314783098771,832.2384096505638,825.0038958382171,0.27123852762915085,0.2976837446826228,0.2979036109851687,0.2973691219951607
0.7425252525252525,590.631538994835,687.3015888730699,691.2733551046573,683.5188511860557,319.505647529556,321.3666585865698,322.8027900889914,320.15297479614367,812.0831959710637,834.0981704779047,837.9727770475514,830.753543727176,0.2708432577798826,0.2977360099308735,0.2979639624808326,0.29743217950130774
0.7524242424242424,593.5602760657107,692.2891617057805,696.2471519899796,688.5132401579892,321.7448938050461,323.5974262572851,325.0086065733833,322.37052870634085,817.5199123182736,839.9235119123882,843.7397400394665,836.5504507320303,0.2704473762583327,0.2977907791587066,0.2980267644834809,0.2974983384633069
0.7623232323232323,596.5093362455483,697.3229011844089,701.259341505066,693.5609888366619,324.0031044442745,325.84363385783007,327.2261082303858,324.6056053636482,823.0008444702108,845.7910571494626,849.5391919781196,842.3954137706957,0.27005086244746024,0.2978480615620876,0.29809200826358806,0.2975675710020158
0.7722222222222221,599.4789318102108,702.4032722359206,706.3100190370769,698.6629569518509,326.28052138792,328.1053603728925,329.45524062599435,326.85851432125094,828.5265394856826,851.7010563548497,855.3710224617054,848.2892639707829,0.2696536954785521,0.2979078662215231,0.2981596845089248,0.29763984538130606
0.7821212121212121,602.4692780021994,707.5307446376887,711.3992768880605,703.8200228023106,328.5773907096956,330.382684710938,331.6959479969386,329.1295798327352,834.0975534487092,857.6537600883771,861.2351174017671,854.2328682533132,0.2692558542252993,0.2979702020987645,0.2982297833341572,0.29771512588968346
0.792020202020202,605.4805930826592,712.7057930879528,716.5272042806992,709.0330837598241,330.89396270498287,332.67568570084165,333.948173281762,331.4191415552405,839.7144516557202,863.6494192996929,867.1313590915975,860.227131002675,0.26885731729773116,0.29803507803742685,0.2983022942903972,0.2977933727151567
0.8019191919191919,608.5130983844849,717.9288976053455,721.6938873666081,714.3030567897637,333.2304919817557,334.9844420713973,336.21185815242416,333.72755529188566,845.377808807427,869.6882853389561,873.0596262763813,866.2729958294387,0.268458063036007,0.29810250285234735,0.2983772063752929,0.29787454181267226
0.8118181818181818,611.5670183665493,723.2005433084838,726.8994092362227,719.6308789887944,335.5872375538644,337.309032455274,338.4869430463882,336.0551937765518,851.0882092055065,875.7706099209969,879.0197942248293,872.371447433196,0.26805806950405847,0.2981724852522606,0.29845450804340673,0.297958584763384
0.8217171717171717,614.6425806690863,728.5212202609625,732.1438499303931,725.0175081403827,337.9644629367529,339.6495353858186,340.77336719915445,338.402447504371,856.84624695424,881.8966450840329,885.0117348022413,878.5235135731984,0.26765731448307833,0.2982450337849848,0.29853418721690145,0.2980454486249701
0.8316161616161616,617.7400161702546,733.8914237156141,737.4272864536404,730.463923288801,340.36243624567976,342.0060292813793,343.07106867719733,340.76972561155384,862.6525261672509,888.0666431852422,891.0353165449014,884.7302671552203,0.2672557754648529,0.29832015688618363,0.2986162312965172,0.2981350757721524
0.8415151515151514,620.8595590439135,739.3116541872482,742.7497927892607,735.971125332352,342.78143029652483,344.37859244329417,345.3799844112698,343.1574568085063,868.5076611794946,894.2808568988138,897.0904047357456,890.9928284437965,0.2668534296449307,0.29839786287829034,0.29870062717287177,0.2982274037265073
0.8514141414141414,624.0014468186388,744.782417511522,748.1114399149772,741.5401376365683,345.22172270925694,346.7673030439647,347.70005023003216,345.5660903705371,874.4122767646556,900.5395391892329,903.1768614810096,897.3123674097922,0.26645025391562466,0.29847815997095084,0.2987873612377733,0.2983223649745829
0.8613131313131313,627.165920438013,750.3042249150487,753.5122958221316,747.1720066681727,347.6835960141469,349.17223912186745,350.03120089396793,347.9960971908354,880.3670083581145,906.8429433017591,909.2945457882454,903.6901062241224,0.2660462248588418,0.2985610562603381,0.2988764193962389,0.2984198867732606
0.8712121212121212,630.3532243222198,755.8775930787288,758.952425534455,752.8678026506292,350.1673377608116,351.5934785705835,352.37337012954737,350.44797090082545,886.3725022856512,913.1913227381245,915.443313644988,910.1273219094145,0.26564131873873487,0.29864655972963183,0.29896778707828053,0.29851989094120723
0.8811111111111111,633.5636064309753,761.5030442104996,764.4318911292193,758.6286202421434,352.673240630176,354.0310991340843,354.72649066359907,352.92222906347007,892.4294159980554,919.5849312475883,921.6230180984307,916.6253491624793,0.2652355114941715,0.2987346782482919,0.2990614492511101,0.2986222936351681
0.891010101010101,636.7973183278336,767.1811061191511,769.9507517596221,764.4555792370163,355.20160254944653,356.4851783982181,357.0904942578529,355.4194144456149,898.5384183118309,926.0240228093783,927.8335093358444,923.1855833616212,0.264828778731014,0.29882541957318987,0.2991573904314872,0.298727005109739
0.9009090909090909,640.0546152458974,772.912312437465,775.5090636785314,770.3498252912943,357.7527268101885,358.9557938219769,359.46531174361405,357.9400963760333,904.7001896561666,932.5088517285247,934.074634765669,929.8094837741322,0.26442109571420525,0.2989187913637632,0.29925559469823143,0.29883392945913867
0.9108080808080807,643.3357561549724,778.6972027512467,781.1068802635459,776.3125306737046,360.3269221896084,361.44302274340276,361.85087305653406,360.4848721964709,910.9154223263781,939.0396726591161,940.3462390991962,936.4985769807626,0.2640124373596533,0.2990148011873,0.2993560457048842,0.29894296433936557
0.9207070707070707,646.6410038302023,784.536322299105,786.7442520435661,782.3448950429074,362.92450307514036,363.9469423434088,364.24710727143963,363.05436881369513,917.1848207440105,945.6167404632737,946.6481644327826,943.2544605355574,0.26360277822591016,0.2991134564485771,0.2994587266925547,0.29905400066897075
0.9306060606060605,649.9706249222211,790.4302209227354,792.4212267253886,788.4481462521501,365.54578959244407,366.4676295533211,366.65394263718457,365.6492443613348,923.5091017238092,952.2403098226442,952.9802503302761,950.0788068812386,0.2631920925056367,0.2992147641843673,0.2995636205026158,0.2991669223065182
0.9405050505050505,653.324890028864,796.3794536555099,798.1378492237685,794.6235411824559,368.19110773692375,369.0051611023843,369.0713066114896,368.2701899811762,929.8889947477754,958.9106354295582,959.3423339061318,956.9733675422951,0.26278035401684735,0.2993187311592893,0.2996707095900073,0.29928160570260914
0.9504040404040404,656.7040737684763,802.3845827101653,803.8941616903685,800.8723666055325,370.8607895088793,371.5596135441289,371.4991258957353,370.91793173455113,936.3252422465189,965.6279723551411,965.7342499083989,963.9399776201491,0.26236753619392955,0.29942536426992017,0.29977997603612294,0.29939791952414496
0.9603030303030302,660.1084548548617,808.4461773736734,809.690203544849,807.1959400776491,373.5551730524113,374.1310632254822,373.9373264696752,373.59323265554684,942.8185998881443,972.3925759499332,972.1558308020274,970.9805606172474,0.2619536120784267,0.2995346705064816,0.299891401562001,0.29951572424826556
0.9702020202020202,663.5383161739146,814.5648136396281,815.5260115067613,813.5956108657833,376.27460279819775,376.7195862812298,376.38583362603543,376.29689495898316,949.3698368749017,979.2047017592561,978.6069068522005,978.0971336196693,0.2615385543095826,0.2996466568481752,0.3000049675415151,0.29963487172314174
0.98010101010101,666.993944861978,820.74107385935,821.4016196283981,820.0727609074047,379.01942961027146,379.3252586645112,378.8445720049698,379.02976241747285,955.9797362478448,986.0646055229007,985.0873062076505,985.2918128709459,0.2611223351146346,0.2997613301504549,0.3001206550145949,0.29975520469250244
0.99,670.4756323859751,826.9755483433818,827.3170593285554,826.6288058053319,381.79001093693034,381.94815613393223,381.3134656283402,381.79272292340966,962.6490951997602,992.9725433897854,991.5968549838727,992.566819773238,0.26070492629885056,0.2998786974659382,0.30023844470046235,0.29987655628045307
